CustomerID,NumComplaints
CUST00001,1
CUST00004,1
CUST00005,2
CUST00007,1
CUST00010,1
CUST00011,1
CUST00012,2
CUST00013,1
CUST00014,2
CUST00018,2
CUST00019,1
CUST00020,2
CUST00021,1
CUST00022,4
CUST00026,1
CUST00027,1
CUST00028,1
CUST00029,2
CUST00030,1
CUST00031,1
CUST00033,4
CUST00034,1
CUST00035,1
CUST00038,1
CUST00039,2
CUST00040,1
CUST00041,1
CUST00042,1
CUST00044,1
CUST00047,2
CUST00049,1
CUST00050,1
CUST00051,3
CUST00056,2
CUST00057,1
CUST00061,1
CUST00062,1
CUST00063,2
CUST00066,1
CUST00067,1
CUST00068,1
CUST00069,1
CUST00071,3
CUST00072,2
CUST00076,2
CUST00078,2
CUST00085,1
CUST00087,1
CUST00090,3
CUST00091,2
CUST00092,3
CUST00094,1
CUST00099,1
CUST00100,1
CUST00103,1
CUST00104,1
CUST00105,2
CUST00110,1
CUST00111,2
CUST00112,1
CUST00116,1
CUST00118,2
CUST00120,2
CUST00121,1
CUST00122,1
CUST00124,1
CUST00126,1
CUST00127,2
CUST00128,2
CUST00138,1
CUST00140,4
CUST00141,1
CUST00142,2
CUST00143,2
CUST00144,1
CUST00145,2
CUST00146,1
CUST00147,3
CUST00148,1
CUST00149,1
CUST00150,1
CUST00151,2
CUST00152,1
CUST00155,1
CUST00156,1
CUST00157,1
CUST00158,1
CUST00161,1
CUST00162,1
CUST00164,1
CUST00165,3
CUST00167,1
CUST00169,1
CUST00170,2
CUST00173,1
CUST00175,1
CUST00176,1
CUST00177,1
CUST00178,1
CUST00182,1
CUST00186,1
CUST00187,1
CUST00188,1
CUST00190,1
CUST00191,2
CUST00193,1
CUST00195,2
CUST00198,1
CUST00199,1
CUST00201,1
CUST00202,1
CUST00206,2
CUST00207,1
CUST00208,1
CUST00209,4
CUST00210,1
CUST00212,1
CUST00213,1
CUST00215,2
CUST00217,1
CUST00219,4
CUST00222,3
CUST00224,2
CUST00226,1
CUST00227,1
CUST00231,4
CUST00232,1
CUST00234,1
CUST00236,1
CUST00237,1
CUST00238,2
CUST00239,1
CUST00241,1
CUST00242,1
CUST00244,1
CUST00246,1
CUST00248,1
CUST00249,1
CUST00252,1
CUST00255,5
CUST00256,1
CUST00257,3
CUST00258,1
CUST00259,1
CUST00264,1
CUST00265,3
CUST00268,1
CUST00272,2
CUST00274,1
CUST00275,1
CUST00276,1
CUST00278,1
CUST00279,1
CUST00283,2
CUST00285,1
CUST00286,1
CUST00287,2
CUST00288,2
CUST00289,2
CUST00292,2
CUST00293,2
CUST00294,1
CUST00295,2
CUST00296,2
CUST00300,1
CUST00301,1
CUST00303,1
CUST00307,1
CUST00308,2
CUST00309,2
CUST00312,3
CUST00315,1
CUST00317,1
CUST00321,1
CUST00324,2
CUST00325,3
CUST00326,1
CUST00327,1
CUST00328,1
CUST00330,1
CUST00333,1
CUST00335,1
CUST00336,1
CUST00340,2
CUST00342,1
CUST00343,2
CUST00346,1
CUST00349,1
CUST00350,1
CUST00351,2
CUST00353,1
CUST00354,1
CUST00355,1
CUST00358,1
CUST00359,1
CUST00361,2
CUST00363,1
CUST00365,3
CUST00366,1
CUST00368,1
CUST00370,1
CUST00371,1
CUST00372,1
CUST00373,1
CUST00375,1
CUST00378,1
CUST00379,2
CUST00380,2
CUST00383,2
CUST00386,1
CUST00387,3
CUST00388,1
CUST00389,1
CUST00394,1
CUST00396,1
CUST00397,1
CUST00399,1
CUST00400,1
CUST00401,1
CUST00405,1
CUST00411,2
CUST00412,1
CUST00413,2
CUST00414,2
CUST00420,1
CUST00422,1
CUST00425,2
CUST00428,2
CUST00429,2
CUST00430,1
CUST00432,1
CUST00435,3
CUST00436,1
CUST00438,2
CUST00440,1
CUST00442,1
CUST00444,1
CUST00447,2
CUST00448,1
CUST00450,1
CUST00452,2
CUST00453,1
CUST00454,2
CUST00457,3
CUST00458,1
CUST00465,1
CUST00466,3
CUST00467,1
CUST00470,1
CUST00471,2
CUST00472,2
CUST00473,2
CUST00474,3
CUST00476,1
CUST00481,1
CUST00483,2
CUST00485,1
CUST00487,1
CUST00488,2
CUST00489,4
CUST00490,1
CUST00492,1
CUST00497,1
CUST00498,1
CUST00499,1
CUST00500,1
CUST00501,1
CUST00502,1
CUST00503,1
CUST00509,1
CUST00510,1
CUST00511,2
CUST00512,1
CUST00513,1
CUST00516,1
CUST00517,1
CUST00518,2
CUST00519,1
CUST00520,1
CUST00523,2
CUST00524,2
CUST00525,1
CUST00527,1
CUST00528,1
CUST00529,2
CUST00532,1
CUST00537,1
CUST00539,1
CUST00540,2
CUST00541,1
CUST00543,3
CUST00554,1
CUST00556,1
CUST00558,1
CUST00559,1
CUST00561,3
CUST00562,1
CUST00563,4
CUST00564,2
CUST00566,2
CUST00567,1
CUST00569,2
CUST00570,3
CUST00571,1
CUST00572,1
CUST00574,1
CUST00577,1
CUST00578,1
CUST00579,1
CUST00580,1
CUST00581,2
CUST00583,2
CUST00584,1
CUST00586,1
CUST00587,1
CUST00596,1
CUST00600,1
CUST00601,1
CUST00603,2
CUST00605,1
CUST00606,1
CUST00607,2
CUST00608,2
CUST00609,1
CUST00611,1
CUST00612,1
CUST00613,1
CUST00615,1
CUST00616,1
CUST00618,1
CUST00621,1
CUST00624,2
CUST00625,1
CUST00626,1
CUST00627,1
CUST00629,2
CUST00630,1
CUST00632,1
CUST00635,1
CUST00636,1
CUST00637,2
CUST00639,1
CUST00640,2
CUST00642,1
CUST00648,1
CUST00649,1
CUST00650,1
CUST00652,1
CUST00653,1
CUST00659,1
CUST00660,1
CUST00662,1
CUST00665,2
CUST00667,1
CUST00668,2
CUST00671,2
CUST00673,3
CUST00677,1
CUST00678,1
CUST00679,1
CUST00680,1
CUST00683,2
CUST00684,1
CUST00685,1
CUST00686,1
CUST00692,1
CUST00693,1
CUST00695,1
CUST00696,2
CUST00697,1
CUST00704,1
CUST00706,3
CUST00707,3
CUST00711,2
CUST00712,1
CUST00714,1
CUST00716,1
CUST00717,1
CUST00718,1
CUST00719,1
CUST00720,1
CUST00722,1
CUST00724,1
CUST00730,1
CUST00734,3
CUST00735,2
CUST00738,1
CUST00743,1
CUST00745,1
CUST00746,1
CUST00748,3
CUST00750,1
CUST00751,1
CUST00753,2
CUST00754,2
CUST00758,1
CUST00764,1
CUST00765,1
CUST00770,3
CUST00775,2
CUST00778,1
CUST00780,1
CUST00782,1
CUST00785,3
CUST00786,2
CUST00787,1
CUST00788,1
CUST00789,1
CUST00791,1
CUST00793,1
CUST00794,1
CUST00795,1
CUST00796,3
CUST00797,2
CUST00798,3
CUST00799,2
CUST00800,1
CUST00801,1
CUST00802,2
CUST00805,1
CUST00808,1
CUST00813,1
CUST00814,1
CUST00816,2
CUST00822,1
CUST00823,1
CUST00825,2
CUST00826,1
CUST00827,2
CUST00828,4
CUST00831,1
CUST00832,1
CUST00833,1
CUST00834,3
CUST00836,1
CUST00837,1
CUST00840,1
CUST00842,2
CUST00845,1
CUST00846,1
CUST00847,2
CUST00851,1
CUST00852,1
CUST00853,2
CUST00856,2
CUST00857,4
CUST00858,1
CUST00859,2
CUST00861,3
CUST00863,1
CUST00864,1
CUST00870,2
CUST00873,2
CUST00876,1
CUST00879,2
CUST00880,1
CUST00885,5
CUST00886,1
CUST00887,1
CUST00888,2
CUST00890,2
CUST00893,2
CUST00894,2
CUST00895,1
CUST00896,2
CUST00897,1
CUST00898,4
CUST00899,1
CUST00902,1
CUST00903,1
CUST00904,1
CUST00905,1
CUST00906,1
CUST00908,4
CUST00909,1
CUST00912,1
CUST00913,2
CUST00915,2
CUST00916,3
CUST00917,1
CUST00923,1
CUST00924,2
CUST00927,1
CUST00928,2
CUST00929,2
CUST00930,1
CUST00931,1
CUST00932,1
CUST00933,2
CUST00937,1
CUST00940,1
CUST00943,1
CUST00944,2
CUST00945,1
CUST00946,1
CUST00947,1
CUST00949,1
CUST00952,1
CUST00953,2
CUST00954,1
CUST00955,2
CUST00956,1
CUST00957,1
CUST00959,4
CUST00960,1
CUST00961,2
CUST00962,1
CUST00963,1
CUST00964,1
CUST00966,1
CUST00970,1
CUST00971,1
CUST00973,2
CUST00974,1
CUST00975,1
CUST00976,2
CUST00977,1
CUST00978,1
CUST00979,1
CUST00981,2
CUST00982,1
CUST00985,1
CUST00986,1
CUST00987,1
CUST00988,2
CUST00989,1
CUST00990,2
CUST00992,1
CUST00994,1
CUST00995,1
CUST00998,1
CUST01001,1
CUST01002,4
CUST01004,1
CUST01007,1
CUST01009,1
CUST01010,1
CUST01011,1
CUST01014,1
CUST01015,2
CUST01016,2
CUST01018,3
CUST01019,1
CUST01020,1
CUST01025,1
CUST01027,1
CUST01028,1
CUST01031,2
CUST01032,1
CUST01033,3
CUST01035,1
CUST01040,1
CUST01041,1
CUST01042,1
CUST01043,2
CUST01044,2
CUST01045,3
CUST01047,1
CUST01048,3
CUST01049,1
CUST01051,1
CUST01054,3
CUST01057,2
CUST01058,2
CUST01059,1
CUST01060,1
CUST01061,4
CUST01065,1
CUST01066,2
CUST01068,3
CUST01069,1
CUST01071,1
CUST01072,2
CUST01075,2
CUST01076,3
CUST01078,1
CUST01080,1
CUST01081,3
CUST01084,3
CUST01085,1
CUST01090,1
CUST01092,1
CUST01093,3
CUST01095,1
CUST01096,2
CUST01098,1
CUST01099,1
CUST01101,1
CUST01102,1
CUST01103,1
CUST01104,1
CUST01106,1
CUST01107,1
CUST01108,1
CUST01109,1
CUST01110,1
CUST01112,1
CUST01114,1
CUST01115,1
CUST01116,2
CUST01117,1
CUST01118,4
CUST01119,1
CUST01120,1
CUST01123,1
CUST01126,1
CUST01128,2
CUST01129,2
CUST01130,3
CUST01131,1
CUST01133,2
CUST01134,1
CUST01136,2
CUST01137,1
CUST01138,2
CUST01139,1
CUST01142,1
CUST01143,2
CUST01144,2
CUST01146,1
CUST01147,2
CUST01148,2
CUST01149,4
CUST01153,2
CUST01154,2
CUST01156,1
CUST01157,1
CUST01158,2
CUST01159,1
CUST01160,2
CUST01161,3
CUST01162,1
CUST01163,1
CUST01164,2
CUST01165,1
CUST01166,1
CUST01170,1
CUST01171,2
CUST01172,1
CUST01174,1
CUST01176,1
CUST01178,2
CUST01179,1
CUST01180,3
CUST01182,1
CUST01183,1
CUST01185,1
CUST01188,1
CUST01189,2
CUST01191,1
CUST01194,1
CUST01195,1
CUST01196,1
CUST01197,2
CUST01199,4
CUST01200,1
CUST01202,1
CUST01203,1
CUST01205,1
CUST01206,2
CUST01208,1
CUST01209,1
CUST01210,1
CUST01211,1
CUST01215,1
CUST01216,1
CUST01217,1
CUST01218,3
CUST01221,1
CUST01223,1
CUST01224,3
CUST01225,2
CUST01227,3
CUST01228,2
CUST01230,2
CUST01234,2
CUST01235,2
CUST01236,2
CUST01240,2
CUST01241,1
CUST01242,1
CUST01244,1
CUST01245,2
CUST01250,4
CUST01259,1
CUST01261,1
CUST01262,1
CUST01263,1
CUST01264,1
CUST01265,1
CUST01266,1
CUST01267,1
CUST01268,1
CUST01269,1
CUST01270,1
CUST01271,1
CUST01272,1
CUST01273,1
CUST01274,1
CUST01275,1
CUST01278,3
CUST01279,1
CUST01280,2
CUST01281,1
CUST01283,1
CUST01285,1
CUST01286,1
CUST01287,1
CUST01289,2
CUST01292,2
CUST01294,2
CUST01295,2
CUST01299,2
CUST01300,1
CUST01303,1
CUST01304,1
CUST01306,2
CUST01307,1
CUST01309,1
CUST01310,1
CUST01312,1
CUST01313,2
CUST01315,2
CUST01316,1
CUST01319,1
CUST01320,1
CUST01324,1
CUST01325,1
CUST01326,1
CUST01328,1
CUST01329,1
CUST01330,1
CUST01333,2
CUST01335,1
CUST01336,1
CUST01337,3
CUST01338,2
CUST01339,3
CUST01340,2
CUST01341,2
CUST01344,1
CUST01345,1
CUST01347,1
CUST01348,2
CUST01349,2
CUST01350,1
CUST01351,1
CUST01352,2
CUST01353,1
CUST01355,1
CUST01357,1
CUST01358,1
CUST01359,2
CUST01361,1
CUST01364,1
CUST01365,1
CUST01366,1
CUST01369,1
CUST01373,2
CUST01377,2
CUST01378,1
CUST01379,2
CUST01383,1
CUST01387,1
CUST01388,1
CUST01389,1
CUST01390,1
CUST01391,1
CUST01395,2
CUST01397,1
CUST01399,1
CUST01400,1
CUST01402,1
CUST01403,1
CUST01405,1
CUST01406,1
CUST01407,2
CUST01408,1
CUST01410,1
CUST01413,1
CUST01414,1
CUST01416,2
CUST01417,1
CUST01419,1
CUST01420,1
CUST01421,1
CUST01424,1
CUST01425,1
CUST01426,1
CUST01428,1
CUST01429,4
CUST01431,1
CUST01437,2
CUST01438,1
CUST01445,2
CUST01448,1
CUST01449,3
CUST01452,1
CUST01453,1
CUST01457,1
CUST01459,3
CUST01461,1
CUST01464,2
CUST01465,1
CUST01466,1
CUST01467,3
CUST01469,1
CUST01470,1
CUST01471,2
CUST01473,1
CUST01475,2
CUST01477,1
CUST01478,1
CUST01479,1
CUST01481,1
CUST01482,3
CUST01485,1
CUST01488,2
CUST01489,3
CUST01495,1
CUST01496,3
CUST01498,2
CUST01499,3
CUST01504,1
CUST01505,3
CUST01508,1
CUST01509,2
CUST01511,2
CUST01512,1
CUST01516,2
CUST01519,1
CUST01523,1
CUST01528,1
CUST01529,2
CUST01530,3
CUST01532,2
CUST01535,1
CUST01536,1
CUST01538,1
CUST01540,2
CUST01542,3
CUST01544,1
CUST01545,2
CUST01546,2
CUST01548,2
CUST01550,3
CUST01551,2
CUST01552,2
CUST01554,1
CUST01555,1
CUST01556,1
CUST01557,1
CUST01558,1
CUST01563,1
CUST01564,1
CUST01565,2
CUST01567,3
CUST01569,1
CUST01570,1
CUST01571,1
CUST01572,1
CUST01573,1
CUST01575,1
CUST01577,1
CUST01579,1
CUST01580,1
CUST01582,2
CUST01583,2
CUST01587,1
CUST01589,1
CUST01590,1
CUST01592,3
CUST01593,3
CUST01596,1
CUST01597,1
CUST01600,1
CUST01602,1
CUST01605,1
CUST01606,1
CUST01608,3
CUST01609,2
CUST01610,2
CUST01612,4
CUST01615,1
CUST01619,1
CUST01620,1
CUST01623,1
CUST01625,1
CUST01627,1
CUST01629,2
CUST01632,1
CUST01635,2
CUST01637,3
CUST01639,2
CUST01640,1
CUST01642,1
CUST01643,1
CUST01644,1
CUST01645,1
CUST01647,1
CUST01648,1
CUST01649,1
CUST01651,1
CUST01652,2
CUST01653,2
CUST01655,2
CUST01656,1
CUST01657,2
CUST01658,1
CUST01659,2
CUST01661,1
CUST01663,2
CUST01665,1
CUST01666,1
CUST01667,1
CUST01671,1
CUST01674,1
CUST01675,1
CUST01676,1
CUST01678,3
CUST01680,1
CUST01681,2
CUST01683,1
CUST01684,1
CUST01686,2
CUST01687,2
CUST01689,1
CUST01691,1
CUST01695,1
CUST01696,2
CUST01697,1
CUST01699,1
CUST01700,1
CUST01701,1
CUST01702,1
CUST01703,2
CUST01705,3
CUST01706,1
CUST01707,1
CUST01708,1
CUST01709,2
CUST01710,1
CUST01712,3
CUST01713,2
CUST01714,1
CUST01715,1
CUST01717,2
CUST01719,2
CUST01722,1
CUST01725,2
CUST01731,2
CUST01732,1
CUST01733,1
CUST01735,1
CUST01739,1
CUST01740,3
CUST01743,1
CUST01745,3
CUST01746,1
CUST01747,1
CUST01751,1
CUST01753,1
CUST01754,1
CUST01755,2
CUST01758,4
CUST01760,2
CUST01767,3
CUST01769,1
CUST01771,3
CUST01772,4
CUST01773,1
CUST01777,1
CUST01778,1
CUST01779,1
CUST01781,1
CUST01782,1
CUST01783,1
CUST01786,1
CUST01787,1
CUST01788,1
CUST01789,2
CUST01790,2
CUST01793,2
CUST01794,3
CUST01800,1
CUST01801,3
CUST01802,2
CUST01804,2
CUST01805,1
CUST01806,2
CUST01807,1
CUST01809,1
CUST01811,2
CUST01812,1
CUST01813,2
CUST01814,1
CUST01816,1
CUST01822,1
CUST01824,1
CUST01827,1
CUST01828,2
CUST01829,2
CUST01830,2
CUST01832,1
CUST01833,2
CUST01837,2
CUST01838,2
CUST01841,2
CUST01847,2
CUST01851,1
CUST01856,1
CUST01857,1
CUST01858,2
CUST01859,1
CUST01860,2
CUST01861,2
CUST01863,1
CUST01867,2
CUST01868,1
CUST01871,1
CUST01873,2
CUST01875,1
CUST01876,1
CUST01878,2
CUST01879,1
CUST01882,1
CUST01883,3
CUST01884,1
CUST01885,3
CUST01889,1
CUST01890,2
CUST01892,2
CUST01894,1
CUST01896,1
CUST01900,1
CUST01901,1
CUST01902,2
CUST01903,1
CUST01904,1
CUST01905,1
CUST01908,1
CUST01909,1
CUST01910,1
CUST01911,1
CUST01913,3
CUST01915,1
CUST01916,1
CUST01918,1
CUST01920,1
CUST01921,1
CUST01922,1
CUST01924,2
CUST01927,1
CUST01928,4
CUST01931,1
CUST01932,1
CUST01933,2
CUST01936,1
CUST01937,1
CUST01939,1
CUST01940,1
CUST01941,1
CUST01943,1
CUST01944,1
CUST01945,1
CUST01946,2
CUST01947,3
CUST01948,3
CUST01951,2
CUST01952,1
CUST01953,1
CUST01954,1
CUST01955,1
CUST01957,1
CUST01958,1
CUST01959,1
CUST01961,1
CUST01962,2
CUST01963,1
CUST01965,2
CUST01966,1
CUST01967,1
CUST01970,1
CUST01973,1
CUST01975,1
CUST01977,1
CUST01978,2
CUST01981,1
CUST01984,1
CUST01985,2
CUST01986,1
CUST01987,2
CUST01988,1
CUST01991,1
CUST01993,1
CUST01995,2
CUST01996,1
CUST01999,2
CUST02001,1
CUST02005,1
CUST02006,1
CUST02007,2
CUST02008,2
CUST02010,1
CUST02011,2
CUST02012,3
CUST02014,1
CUST02015,3
CUST02016,1
CUST02018,1
CUST02021,1
CUST02023,1
CUST02024,1
CUST02025,1
CUST02026,1
CUST02027,2
CUST02028,1
CUST02031,2
CUST02032,1
CUST02036,2
CUST02038,2
CUST02039,1
CUST02041,2
CUST02044,2
CUST02047,1
CUST02049,2
CUST02050,1
CUST02051,1
CUST02053,1
CUST02054,1
CUST02055,3
CUST02056,1
CUST02057,2
CUST02059,1
CUST02062,3
CUST02063,3
CUST02065,1
CUST02066,2
CUST02067,1
CUST02068,2
CUST02071,1
CUST02073,2
CUST02075,2
CUST02077,1
CUST02078,1
CUST02080,1
CUST02081,1
CUST02083,2
CUST02084,1
CUST02086,1
CUST02087,3
CUST02088,1
CUST02089,1
CUST02090,1
CUST02093,1
CUST02094,2
CUST02095,1
CUST02096,2
CUST02097,1
CUST02098,2
CUST02099,1
CUST02100,1
CUST02103,2
CUST02104,1
CUST02105,1
CUST02106,2
CUST02109,1
CUST02110,2
CUST02111,2
CUST02113,1
CUST02114,2
CUST02116,1
CUST02120,1
CUST02126,2
CUST02129,2
CUST02130,1
CUST02132,1
CUST02133,3
CUST02135,2
CUST02136,1
CUST02137,1
CUST02138,1
CUST02142,1
CUST02143,3
CUST02145,1
CUST02147,1
CUST02148,2
CUST02149,1
CUST02150,1
CUST02154,1
CUST02155,2
CUST02156,1
CUST02157,2
CUST02158,3
CUST02161,3
CUST02162,1
CUST02164,1
CUST02166,1
CUST02168,2
CUST02169,2
CUST02170,3
CUST02172,1
CUST02173,2
CUST02174,1
CUST02175,1
CUST02178,1
CUST02180,2
CUST02181,1
CUST02182,1
CUST02185,1
CUST02186,1
CUST02188,1
CUST02189,1
CUST02190,1
CUST02194,2
CUST02195,2
CUST02196,1
CUST02199,1
CUST02201,1
CUST02206,1
CUST02207,1
CUST02209,1
CUST02211,1
CUST02212,1
CUST02213,2
CUST02216,1
CUST02218,1
CUST02220,1
CUST02223,1
CUST02224,1
CUST02225,3
CUST02227,4
CUST02232,1
CUST02233,1
CUST02234,2
CUST02236,1
CUST02238,1
CUST02240,2
CUST02241,1
CUST02243,1
CUST02245,2
CUST02246,2
CUST02247,1
CUST02249,2
CUST02250,2
CUST02251,1
CUST02252,1
CUST02253,1
CUST02254,1
CUST02255,1
CUST02256,1
CUST02258,2
CUST02259,4
CUST02261,1
CUST02263,1
CUST02264,2
CUST02265,1
CUST02266,2
CUST02267,3
CUST02268,1
CUST02269,1
CUST02270,2
CUST02272,1
CUST02273,1
CUST02275,3
CUST02276,1
CUST02278,2
CUST02279,1
CUST02280,1
CUST02281,2
CUST02282,2
CUST02284,1
CUST02287,2
CUST02290,1
CUST02291,1
CUST02292,2
CUST02293,1
CUST02294,1
CUST02295,1
CUST02296,1
CUST02301,2
CUST02303,3
CUST02305,1
CUST02308,1
CUST02310,1
CUST02313,1
CUST02314,2
CUST02316,1
CUST02318,1
CUST02319,1
CUST02320,1
CUST02323,1
CUST02324,2
CUST02331,2
CUST02332,4
CUST02333,1
CUST02335,2
CUST02339,1
CUST02340,4
CUST02343,2
CUST02345,3
CUST02347,3
CUST02350,1
CUST02351,1
CUST02353,1
CUST02355,2
CUST02356,2
CUST02358,1
CUST02359,3
CUST02360,1
CUST02365,1
CUST02371,1
CUST02373,1
CUST02374,3
CUST02375,1
CUST02376,1
CUST02377,1
CUST02378,1
CUST02379,1
CUST02380,1
CUST02382,2
CUST02384,1
CUST02385,3
CUST02387,1
CUST02388,1
CUST02389,2
CUST02391,1
CUST02392,2
CUST02395,1
CUST02396,1
CUST02397,1
CUST02399,1
CUST02402,1
CUST02404,2
CUST02406,2
CUST02409,1
CUST02413,1
CUST02415,1
CUST02418,1
CUST02419,1
CUST02420,2
CUST02422,2
CUST02425,2
CUST02426,1
CUST02429,1
CUST02430,2
CUST02432,1
CUST02435,2
CUST02437,2
CUST02438,2
CUST02440,3
CUST02441,2
CUST02442,1
CUST02443,3
CUST02444,2
CUST02445,1
CUST02446,1
CUST02448,1
CUST02449,1
CUST02450,1
CUST02451,2
CUST02452,1
CUST02456,1
CUST02457,1
CUST02458,1
CUST02460,1
CUST02461,1
CUST02463,2
CUST02464,1
CUST02469,1
CUST02473,3
CUST02474,1
CUST02477,1
CUST02478,1
CUST02480,1
CUST02481,2
CUST02482,1
CUST02483,1
CUST02484,1
CUST02485,2
CUST02488,1
CUST02489,1
CUST02490,2
CUST02493,3
CUST02494,6
CUST02495,1
CUST02496,1
CUST02497,1
CUST02500,1
CUST02502,1
CUST02508,2
CUST02511,3
CUST02515,2
CUST02516,1
CUST02517,1
CUST02518,1
CUST02519,1
CUST02523,1
CUST02527,2
CUST02528,1
CUST02533,2
CUST02535,2
CUST02539,1
CUST02540,1
CUST02542,1
CUST02545,1
CUST02546,1
CUST02548,3
CUST02550,1
CUST02551,1
CUST02553,4
CUST02555,1
CUST02556,1
CUST02557,1
CUST02558,2
CUST02559,1
CUST02561,1
CUST02563,2
CUST02566,1
CUST02567,1
CUST02568,1
CUST02569,2
CUST02571,2
CUST02573,2
CUST02574,1
CUST02577,1
CUST02581,1
CUST02583,2
CUST02584,2
CUST02585,2
CUST02586,1
CUST02587,1
CUST02589,1
CUST02590,1
CUST02594,1
CUST02596,2
CUST02598,1
CUST02599,1
CUST02609,1
CUST02610,2
CUST02611,1
CUST02612,1
CUST02613,1
CUST02616,2
CUST02617,1
CUST02619,1
CUST02621,1
CUST02623,1
CUST02625,1
CUST02626,1
CUST02628,2
CUST02629,1
CUST02631,1
CUST02637,2
CUST02640,1
CUST02643,1
CUST02644,1
CUST02646,1
CUST02647,1
CUST02648,1
CUST02649,1
CUST02650,1
CUST02652,1
CUST02653,2
CUST02654,3
CUST02655,1
CUST02656,1
CUST02659,2
CUST02661,3
CUST02663,1
CUST02666,1
CUST02667,1
CUST02668,1
CUST02669,3
CUST02671,1
CUST02673,1
CUST02675,1
CUST02676,2
CUST02677,2
CUST02678,1
CUST02679,1
CUST02680,1
CUST02681,1
CUST02683,2
CUST02685,1
CUST02687,2
CUST02690,1
CUST02691,2
CUST02692,2
CUST02693,1
CUST02696,1
CUST02697,2
CUST02699,1
CUST02700,1
CUST02701,1
CUST02703,1
CUST02704,4
CUST02705,3
CUST02706,1
CUST02709,1
CUST02713,1
CUST02714,2
CUST02715,1
CUST02716,1
CUST02720,2
CUST02721,1
CUST02722,1
CUST02723,2
CUST02726,1
CUST02728,2
CUST02730,1
CUST02731,2
CUST02734,1
CUST02736,2
CUST02737,1
CUST02738,1
CUST02739,3
CUST02744,2
CUST02747,1
CUST02749,4
CUST02750,1
CUST02753,1
CUST02755,2
CUST02756,1
CUST02757,1
CUST02758,1
CUST02761,1
CUST02762,3
CUST02765,1
CUST02768,3
CUST02775,1
CUST02776,2
CUST02777,3
CUST02779,1
CUST02783,1
CUST02786,1
CUST02787,3
CUST02789,1
CUST02790,1
CUST02791,1
CUST02792,1
CUST02794,1
CUST02796,1
CUST02797,2
CUST02799,2
CUST02803,1
CUST02804,1
CUST02805,3
CUST02806,2
CUST02807,1
CUST02809,1
CUST02811,2
CUST02812,3
CUST02814,1
CUST02816,2
CUST02818,1
CUST02821,2
CUST02822,1
CUST02824,1
CUST02826,1
CUST02833,1
CUST02834,1
CUST02835,1
CUST02836,1
CUST02838,2
CUST02839,1
CUST02842,1
CUST02843,2
CUST02844,2
CUST02845,1
CUST02847,1
CUST02848,2
CUST02849,2
CUST02852,2
CUST02854,2
CUST02857,1
CUST02858,1
CUST02859,1
CUST02861,2
CUST02862,1
CUST02863,1
CUST02864,1
CUST02866,4
CUST02867,1
CUST02868,1
CUST02870,2
CUST02874,2
CUST02875,1
CUST02878,2
CUST02879,2
CUST02880,3
CUST02881,1
CUST02882,4
CUST02883,1
CUST02885,2
CUST02886,1
CUST02888,1
CUST02891,1
CUST02892,2
CUST02893,2
CUST02896,1
CUST02897,1
CUST02899,1
CUST02901,1
CUST02904,1
CUST02906,1
CUST02907,1
CUST02908,3
CUST02910,1
CUST02913,1
CUST02914,1
CUST02915,2
CUST02917,2
CUST02918,2
CUST02920,3
CUST02921,3
CUST02925,1
CUST02926,2
CUST02927,2
CUST02935,1
CUST02936,1
CUST02937,1
CUST02940,3
CUST02942,1
CUST02944,1
CUST02945,1
CUST02948,1
CUST02951,3
CUST02952,1
CUST02953,2
CUST02954,2
CUST02955,1
CUST02958,1
CUST02959,1
CUST02961,1
CUST02963,1
CUST02965,2
CUST02967,1
CUST02968,1
CUST02969,1
CUST02970,2
CUST02971,3
CUST02974,3
CUST02975,1
CUST02976,2
CUST02979,1
CUST02982,1
CUST02983,2
CUST02984,2
CUST02990,2
CUST02992,1
CUST02996,1
CUST02997,3
CUST02999,2
CUST03000,1
CUST03002,1
CUST03004,1
CUST03007,1
CUST03008,1
CUST03009,2
CUST03010,1
CUST03011,1
CUST03012,1
CUST03015,1
CUST03017,1
CUST03018,2
CUST03019,1
CUST03020,2
CUST03021,2
CUST03022,2
CUST03023,1
CUST03025,2
CUST03026,1
CUST03027,1
CUST03028,1
CUST03029,1
CUST03031,2
CUST03036,1
CUST03038,2
CUST03039,1
CUST03048,2
CUST03049,1
CUST03050,2
CUST03051,2
CUST03052,1
CUST03053,1
CUST03055,1
CUST03056,2
CUST03059,1
CUST03060,1
CUST03061,3
CUST03062,1
CUST03063,2
CUST03065,1
CUST03066,2
CUST03067,3
CUST03068,3
CUST03072,1
CUST03074,1
CUST03079,1
CUST03083,1
CUST03086,2
CUST03088,1
CUST03093,1
CUST03096,1
CUST03097,1
CUST03100,3
CUST03101,2
CUST03102,1
CUST03104,2
CUST03107,1
CUST03109,1
CUST03110,1
CUST03112,1
CUST03113,1
CUST03114,2
CUST03116,1
CUST03117,1
CUST03121,1
CUST03122,1
CUST03123,1
CUST03124,3
CUST03125,1
CUST03128,1
CUST03130,2
CUST03131,1
CUST03133,1
CUST03134,1
CUST03135,1
CUST03136,1
CUST03138,1
CUST03140,1
CUST03141,1
CUST03144,1
CUST03145,1
CUST03146,3
CUST03148,1
CUST03149,2
CUST03150,1
CUST03151,1
CUST03152,2
CUST03153,1
CUST03154,1
CUST03155,1
CUST03156,1
CUST03158,3
CUST03159,1
CUST03161,3
CUST03162,1
CUST03163,1
CUST03164,1
CUST03165,1
CUST03166,1
CUST03169,1
CUST03170,1
CUST03172,1
CUST03173,1
CUST03175,1
CUST03176,2
CUST03177,1
CUST03178,1
CUST03182,1
CUST03183,1
CUST03185,1
CUST03186,1
CUST03189,1
CUST03192,1
CUST03193,1
CUST03194,2
CUST03195,1
CUST03197,3
CUST03198,1
CUST03200,1
CUST03202,1
CUST03206,2
CUST03208,1
CUST03211,3
CUST03212,2
CUST03216,1
CUST03218,1
CUST03219,1
CUST03221,1
CUST03222,1
CUST03223,1
CUST03225,1
CUST03226,1
CUST03229,1
CUST03230,1
CUST03231,1
CUST03232,2
CUST03237,1
CUST03239,4
CUST03241,1
CUST03243,2
CUST03244,2
CUST03245,2
CUST03246,1
CUST03247,1
CUST03250,1
CUST03253,1
CUST03255,1
CUST03256,2
CUST03257,1
CUST03259,2
CUST03260,2
CUST03264,1
CUST03267,1
CUST03268,2
CUST03269,1
CUST03271,1
CUST03275,2
CUST03278,2
CUST03281,1
CUST03283,1
CUST03284,1
CUST03286,1
CUST03287,1
CUST03288,2
CUST03289,1
CUST03290,2
CUST03291,2
CUST03292,2
CUST03295,2
CUST03298,1
CUST03299,1
CUST03300,1
CUST03301,1
CUST03302,1
CUST03304,3
CUST03306,3
CUST03307,1
CUST03309,1
CUST03310,1
CUST03311,2
CUST03313,1
CUST03314,1
CUST03315,2
CUST03319,1
CUST03320,2
CUST03322,2
CUST03323,1
CUST03325,1
CUST03326,3
CUST03329,1
CUST03334,1
CUST03335,1
CUST03340,1
CUST03341,1
CUST03342,2
CUST03343,1
CUST03344,1
CUST03346,1
CUST03348,1
CUST03349,1
CUST03350,2
CUST03351,3
CUST03352,2
CUST03353,1
CUST03354,2
CUST03355,3
CUST03360,1
CUST03363,2
CUST03364,1
CUST03366,1
CUST03367,1
CUST03368,1
CUST03369,1
CUST03372,2
CUST03373,1
CUST03374,1
CUST03376,1
CUST03377,2
CUST03378,1
CUST03379,1
CUST03381,2
CUST03382,1
CUST03384,1
CUST03385,1
CUST03386,1
CUST03388,1
CUST03389,1
CUST03391,1
CUST03392,2
CUST03393,1
CUST03394,1
CUST03395,1
CUST03398,3
CUST03402,1
CUST03406,1
CUST03409,1
CUST03410,2
CUST03412,2
CUST03416,3
CUST03418,1
CUST03419,1
CUST03420,2
CUST03421,2
CUST03422,1
CUST03423,2
CUST03425,3
CUST03426,1
CUST03427,1
CUST03429,1
CUST03430,1
CUST03431,1
CUST03432,1
CUST03433,3
CUST03434,1
CUST03436,1
CUST03437,1
CUST03441,1
CUST03442,1
CUST03444,1
CUST03445,1
CUST03448,1
CUST03452,1
CUST03454,1
CUST03455,2
CUST03456,1
CUST03457,1
CUST03461,1
CUST03463,1
CUST03464,1
CUST03466,1
CUST03467,2
CUST03468,2
CUST03469,2
CUST03473,2
CUST03474,2
CUST03475,1
CUST03476,1
CUST03477,1
CUST03478,2
CUST03480,1
CUST03482,1
CUST03484,2
CUST03486,2
CUST03487,1
CUST03489,3
CUST03490,1
CUST03491,1
CUST03492,2
CUST03494,1
CUST03495,1
CUST03496,1
CUST03500,3
CUST03501,1
CUST03505,1
CUST03506,1
CUST03507,1
CUST03509,1
CUST03512,2
CUST03514,1
CUST03517,2
CUST03519,2
CUST03522,1
CUST03524,1
CUST03527,1
CUST03528,1
CUST03531,1
CUST03534,1
CUST03535,1
CUST03536,3
CUST03538,1
CUST03542,4
CUST03544,2
CUST03545,1
CUST03547,4
CUST03548,1
CUST03549,2
CUST03550,2
CUST03551,1
CUST03553,1
CUST03559,2
CUST03561,2
CUST03562,2
CUST03566,1
CUST03567,1
CUST03568,1
CUST03570,2
CUST03573,2
CUST03574,2
CUST03577,3
CUST03581,2
CUST03582,1
CUST03584,1
CUST03585,1
CUST03586,1
CUST03589,2
CUST03591,1
CUST03593,1
CUST03594,1
CUST03596,1
CUST03597,2
CUST03599,1
CUST03602,3
CUST03603,1
CUST03604,2
CUST03606,1
CUST03609,2
CUST03611,3
CUST03612,1
CUST03613,2
CUST03614,2
CUST03615,1
CUST03616,2
CUST03620,3
CUST03622,1
CUST03625,2
CUST03627,1
CUST03628,1
CUST03629,1
CUST03631,1
CUST03632,1
CUST03633,1
CUST03635,1
CUST03637,2
CUST03638,1
CUST03639,1
CUST03640,2
CUST03642,1
CUST03645,2
CUST03646,1
CUST03648,2
CUST03651,1
CUST03655,1
CUST03660,1
CUST03662,4
CUST03663,2
CUST03665,1
CUST03666,1
CUST03667,1
CUST03668,2
CUST03669,1
CUST03671,1
CUST03672,2
CUST03674,1
CUST03676,1
CUST03677,1
CUST03680,2
CUST03681,1
CUST03682,1
CUST03684,1
CUST03691,1
CUST03692,2
CUST03693,1
CUST03694,1
CUST03695,2
CUST03696,3
CUST03699,1
CUST03700,1
CUST03701,1
CUST03702,2
CUST03705,2
CUST03706,1
CUST03708,1
CUST03710,1
CUST03711,1
CUST03713,1
CUST03714,1
CUST03719,1
CUST03721,1
CUST03722,2
CUST03725,2
CUST03727,1
CUST03728,1
CUST03732,1
CUST03736,1
CUST03740,2
CUST03742,3
CUST03743,1
CUST03744,1
CUST03747,1
CUST03748,1
CUST03751,2
CUST03753,1
CUST03754,1
CUST03758,2
CUST03760,1
CUST03761,3
CUST03762,1
CUST03763,3
CUST03764,2
CUST03765,1
CUST03766,1
CUST03770,1
CUST03771,1
CUST03773,1
CUST03777,1
CUST03778,2
CUST03780,1
CUST03782,1
CUST03784,1
CUST03785,1
CUST03786,1
CUST03787,2
CUST03788,1
CUST03791,1
CUST03794,1
CUST03795,1
CUST03796,2
CUST03797,1
CUST03799,1
CUST03803,1
CUST03804,2
CUST03805,1
CUST03807,1
CUST03809,1
CUST03810,1
CUST03813,1
CUST03814,2
CUST03816,1
CUST03817,2
CUST03819,1
CUST03822,1
CUST03824,1
CUST03828,1
CUST03832,1
CUST03833,1
CUST03835,2
CUST03837,1
CUST03838,1
CUST03840,2
CUST03842,1
CUST03845,1
CUST03846,1
CUST03848,1
CUST03850,2
CUST03852,2
CUST03853,1
CUST03855,3
CUST03857,1
CUST03859,2
CUST03860,1
CUST03861,1
CUST03863,1
CUST03864,1
CUST03865,1
CUST03868,1
CUST03869,1
CUST03870,2
CUST03871,1
CUST03872,1
CUST03876,1
CUST03877,1
CUST03879,1
CUST03883,1
CUST03885,1
CUST03888,4
CUST03889,1
CUST03890,1
CUST03893,2
CUST03894,1
CUST03896,1
CUST03899,1
CUST03901,1
CUST03902,1
CUST03903,2
CUST03905,1
CUST03907,2
CUST03908,1
CUST03911,1
CUST03912,1
CUST03916,1
CUST03917,1
CUST03918,2
CUST03919,2
CUST03920,1
CUST03921,1
CUST03922,2
CUST03924,1
CUST03927,1
CUST03928,1
CUST03929,1
CUST03930,1
CUST03931,1
CUST03934,1
CUST03936,2
CUST03938,1
CUST03939,2
CUST03941,2
CUST03943,2
CUST03945,2
CUST03946,3
CUST03947,1
CUST03951,1
CUST03953,1
CUST03958,1
CUST03960,1
CUST03961,2
CUST03964,2
CUST03965,2
CUST03967,1
CUST03968,3
CUST03969,1
CUST03970,1
CUST03972,1
CUST03974,2
CUST03975,1
CUST03977,1
CUST03980,1
CUST03981,1
CUST03982,2
CUST03985,1
CUST03986,1
CUST03987,1
CUST03989,2
CUST03990,1
CUST03993,1
CUST03994,1
CUST03995,2
CUST04000,3
CUST04002,2
CUST04003,1
CUST04005,1
CUST04010,1
CUST04012,1
CUST04014,2
CUST04017,1
CUST04018,2
CUST04019,2
CUST04020,4
CUST04021,1
CUST04022,2
CUST04023,1
CUST04024,1
CUST04025,1
CUST04027,1
CUST04028,5
CUST04030,2
CUST04031,1
CUST04033,1
CUST04036,1
CUST04037,1
CUST04039,1
CUST04042,1
CUST04043,2
CUST04046,2
CUST04048,1
CUST04053,1
CUST04054,2
CUST04056,1
CUST04058,1
CUST04059,1
CUST04062,2
CUST04063,3
CUST04066,2
CUST04069,1
CUST04070,2
CUST04071,1
CUST04073,1
CUST04075,1
CUST04076,1
CUST04077,3
CUST04079,2
CUST04082,1
CUST04083,4
CUST04085,1
CUST04086,2
CUST04087,1
CUST04089,1
CUST04090,1
CUST04091,2
CUST04092,1
CUST04094,1
CUST04095,1
CUST04096,2
CUST04097,1
CUST04106,2
CUST04107,1
CUST04108,1
CUST04110,1
CUST04111,1
CUST04113,1
CUST04115,3
CUST04116,2
CUST04121,1
CUST04123,3
CUST04125,3
CUST04126,1
CUST04128,4
CUST04130,2
CUST04131,2
CUST04132,1
CUST04135,1
CUST04137,1
CUST04141,1
CUST04143,1
CUST04145,1
CUST04147,1
CUST04148,1
CUST04149,3
CUST04150,2
CUST04151,1
CUST04153,1
CUST04155,1
CUST04156,1
CUST04157,2
CUST04158,1
CUST04161,1
CUST04162,1
CUST04164,1
CUST04166,2
CUST04167,2
CUST04170,1
CUST04174,2
CUST04176,1
CUST04177,1
CUST04178,1
CUST04179,1
CUST04182,1
CUST04184,1
CUST04190,1
CUST04191,1
CUST04192,1
CUST04193,2
CUST04196,1
CUST04197,2
CUST04198,1
CUST04199,2
CUST04201,1
CUST04202,3
CUST04203,1
CUST04207,1
CUST04209,1
CUST04211,1
CUST04214,2
CUST04215,1
CUST04216,1
CUST04218,1
CUST04220,1
CUST04221,2
CUST04225,2
CUST04226,1
CUST04227,2
CUST04229,2
CUST04231,1
CUST04232,1
CUST04233,1
CUST04236,1
CUST04238,2
CUST04240,2
CUST04241,1
CUST04243,1
CUST04244,2
CUST04246,1
CUST04248,1
CUST04249,2
CUST04250,4
CUST04251,1
CUST04253,4
CUST04254,1
CUST04256,1
CUST04257,2
CUST04260,2
CUST04261,1
CUST04264,2
CUST04266,1
CUST04267,1
CUST04268,1
CUST04269,3
CUST04270,1
CUST04272,1
CUST04273,1
CUST04275,2
CUST04280,2
CUST04282,1
CUST04285,1
CUST04287,1
CUST04288,1
CUST04289,1
CUST04290,1
CUST04292,1
CUST04293,1
CUST04295,1
CUST04299,1
CUST04300,1
CUST04301,1
CUST04302,3
CUST04303,1
CUST04304,1
CUST04306,1
CUST04310,3
CUST04313,1
CUST04314,1
CUST04317,1
CUST04319,1
CUST04320,1
CUST04321,1
CUST04322,1
CUST04325,1
CUST04326,1
CUST04328,1
CUST04330,2
CUST04331,1
CUST04332,1
CUST04334,2
CUST04335,1
CUST04336,3
CUST04341,1
CUST04342,1
CUST04345,1
CUST04347,1
CUST04349,2
CUST04351,1
CUST04352,2
CUST04353,2
CUST04356,1
CUST04357,1
CUST04359,1
CUST04360,1
CUST04362,1
CUST04363,1
CUST04365,2
CUST04366,2
CUST04367,2
CUST04368,3
CUST04370,1
CUST04371,2
CUST04373,1
CUST04374,1
CUST04375,3
CUST04380,3
CUST04381,2
CUST04382,2
CUST04383,2
CUST04384,1
CUST04385,3
CUST04386,1
CUST04387,1
CUST04388,2
CUST04391,4
CUST04394,1
CUST04401,1
CUST04402,3
CUST04403,2
CUST04405,1
CUST04406,1
CUST04408,1
CUST04409,1
CUST04411,3
CUST04412,1
CUST04413,1
CUST04415,2
CUST04416,1
CUST04418,1
CUST04421,1
CUST04422,1
CUST04427,1
CUST04428,1
CUST04429,1
CUST04430,2
CUST04433,3
CUST04434,1
CUST04436,1
CUST04437,1
CUST04438,1
CUST04439,2
CUST04440,1
CUST04441,2
CUST04443,1
CUST04446,1
CUST04448,1
CUST04449,1
CUST04451,4
CUST04454,2
CUST04460,1
CUST04462,1
CUST04463,3
CUST04464,1
CUST04465,1
CUST04466,2
CUST04470,1
CUST04471,1
CUST04473,1
CUST04476,1
CUST04477,1
CUST04478,2
CUST04480,1
CUST04482,1
CUST04483,2
CUST04485,1
CUST04486,3
CUST04487,1
CUST04488,1
CUST04490,1
CUST04491,2
CUST04493,1
CUST04494,1
CUST04497,1
CUST04498,3
CUST04499,1
CUST04501,2
CUST04506,1
CUST04507,1
CUST04508,1
CUST04511,2
CUST04513,1
CUST04514,1
CUST04515,1
CUST04516,2
CUST04520,1
CUST04522,1
CUST04523,1
CUST04528,1
CUST04529,2
CUST04530,1
CUST04531,1
CUST04535,1
CUST04537,1
CUST04539,1
CUST04542,1
CUST04543,1
CUST04544,3
CUST04547,1
CUST04550,1
CUST04552,2
CUST04554,1
CUST04557,2
CUST04558,1
CUST04559,2
CUST04561,1
CUST04562,1
CUST04563,3
CUST04564,1
CUST04565,1
CUST04566,1
CUST04567,2
CUST04568,1
CUST04569,2
CUST04572,1
CUST04575,1
CUST04577,1
CUST04585,1
CUST04588,2
CUST04589,2
CUST04591,2
CUST04592,1
CUST04593,1
CUST04594,3
CUST04596,1
CUST04597,1
CUST04598,1
CUST04599,1
CUST04600,1
CUST04603,2
CUST04604,2
CUST04606,2
CUST04608,2
CUST04609,1
CUST04610,1
CUST04611,1
CUST04615,2
CUST04616,1
CUST04618,1
CUST04619,1
CUST04620,1
CUST04623,3
CUST04624,3
CUST04627,1
CUST04628,1
CUST04630,1
CUST04632,1
CUST04634,2
CUST04636,1
CUST04637,2
CUST04638,1
CUST04640,1
CUST04641,1
CUST04642,1
CUST04644,1
CUST04645,1
CUST04647,1
CUST04651,1
CUST04652,1
CUST04653,1
CUST04655,1
CUST04660,1
CUST04662,2
CUST04665,1
CUST04666,1
CUST04670,1
CUST04671,1
CUST04672,1
CUST04673,3
CUST04674,1
CUST04676,3
CUST04678,2
CUST04679,2
CUST04680,1
CUST04681,1
CUST04684,2
CUST04685,1
CUST04686,2
CUST04688,1
CUST04691,1
CUST04694,1
CUST04696,1
CUST04697,1
CUST04700,1
CUST04701,1
CUST04703,2
CUST04704,2
CUST04705,2
CUST04707,1
CUST04711,2
CUST04712,1
CUST04714,2
CUST04716,1
CUST04718,3
CUST04719,1
CUST04723,2
CUST04726,1
CUST04728,1
CUST04731,1
CUST04733,1
CUST04735,1
CUST04736,1
CUST04737,1
CUST04738,1
CUST04740,3
CUST04741,1
CUST04746,1
CUST04747,1
CUST04748,1
CUST04751,2
CUST04752,2
CUST04754,1
CUST04756,1
CUST04757,1
CUST04758,2
CUST04760,1
CUST04761,1
CUST04762,1
CUST04763,1
CUST04766,2
CUST04769,1
CUST04770,1
CUST04771,2
CUST04776,1
CUST04777,2
CUST04778,1
CUST04779,1
CUST04780,2
CUST04782,1
CUST04783,1
CUST04789,2
CUST04791,1
CUST04793,4
CUST04794,2
CUST04795,3
CUST04797,1
CUST04798,2
CUST04801,1
CUST04802,2
CUST04803,1
CUST04807,2
CUST04809,2
CUST04810,1
CUST04811,1
CUST04813,1
CUST04814,3
CUST04815,1
CUST04816,1
CUST04817,3
CUST04818,1
CUST04820,1
CUST04821,1
CUST04822,1
CUST04823,2
CUST04825,1
CUST04826,1
CUST04829,1
CUST04830,1
CUST04831,1
CUST04832,2
CUST04833,3
CUST04835,2
CUST04837,1
CUST04838,2
CUST04839,3
CUST04840,1
CUST04841,1
CUST04842,1
CUST04844,2
CUST04845,2
CUST04846,1
CUST04847,3
CUST04848,1
CUST04849,1
CUST04852,2
CUST04857,1
CUST04858,3
CUST04859,1
CUST04861,2
CUST04862,2
CUST04863,1
CUST04866,1
CUST04867,2
CUST04868,3
CUST04869,1
CUST04870,1
CUST04872,2
CUST04873,1
CUST04876,1
CUST04877,1
CUST04879,1
CUST04881,1
CUST04882,1
CUST04884,2
CUST04885,1
CUST04886,1
CUST04887,1
CUST04888,1
CUST04890,2
CUST04891,1
CUST04892,2
CUST04893,2
CUST04894,1
CUST04895,1
CUST04898,1
CUST04899,1
CUST04900,1
CUST04901,1
CUST04903,1
CUST04905,1
CUST04910,2
CUST04911,1
CUST04914,2
CUST04915,1
CUST04918,1
CUST04919,2
CUST04920,3
CUST04921,1
CUST04922,2
CUST04930,1
CUST04932,1
CUST04934,3
CUST04936,1
CUST04940,3
CUST04942,1
CUST04944,2
CUST04947,1
CUST04949,1
CUST04951,1
CUST04953,1
CUST04955,2
CUST04956,1
CUST04958,1
CUST04960,1
CUST04964,1
CUST04967,1
CUST04969,1
CUST04970,3
CUST04973,1
CUST04975,1
CUST04976,3
CUST04977,1
CUST04980,1
CUST04981,2
CUST04982,5
CUST04985,2
CUST04988,1
CUST04990,1
CUST04992,1
CUST04994,1
CUST04995,2
CUST04996,1
CUST04997,1
CUST05002,1
CUST05004,2
CUST05006,1
CUST05007,1
CUST05009,1
CUST05014,1
CUST05017,1
CUST05021,2
CUST05025,4
CUST05028,2
CUST05029,2
CUST05030,1
CUST05032,1
CUST05034,1
CUST05037,1
CUST05041,1
CUST05043,2
CUST05045,3
CUST05046,1
CUST05049,1
CUST05050,1
CUST05051,2
CUST05052,1
CUST05053,1
CUST05054,1
CUST05055,2
CUST05058,1
CUST05061,1
CUST05062,2
CUST05066,1
CUST05067,1
CUST05069,2
CUST05071,1
CUST05073,2
CUST05074,2
CUST05075,1
CUST05077,2
CUST05078,2
CUST05079,1
CUST05080,1
CUST05083,1
CUST05085,4
CUST05089,1
CUST05090,1
CUST05092,1
CUST05093,2
CUST05094,1
CUST05096,2
CUST05097,1
CUST05099,3
CUST05100,1
CUST05101,1
CUST05103,1
CUST05105,3
CUST05106,1
CUST05108,3
CUST05109,1
CUST05111,1
CUST05112,1
CUST05114,1
CUST05115,1
CUST05116,1
CUST05118,1
CUST05121,1
CUST05122,2
CUST05123,1
CUST05124,1
CUST05125,1
CUST05126,1
CUST05127,3
CUST05130,1
CUST05131,1
CUST05132,1
CUST05133,2
CUST05134,1
CUST05136,2
CUST05137,2
CUST05138,1
CUST05141,1
CUST05143,1
CUST05145,1
CUST05146,1
CUST05147,1
CUST05148,2
CUST05149,3
CUST05150,1
CUST05151,1
CUST05152,1
CUST05155,1
CUST05158,1
CUST05159,1
CUST05161,1
CUST05162,1
CUST05163,1
CUST05165,3
CUST05166,1
CUST05167,1
CUST05169,1
CUST05170,2
CUST05172,1
CUST05174,1
CUST05176,1
CUST05177,1
CUST05179,1
CUST05181,1
CUST05182,1
CUST05183,1
CUST05184,1
CUST05185,2
CUST05188,1
CUST05190,5
CUST05195,1
CUST05196,2
CUST05198,3
CUST05200,1
CUST05201,2
CUST05203,1
CUST05205,1
CUST05206,2
CUST05207,2
CUST05208,1
CUST05209,1
CUST05210,1
CUST05214,3
CUST05217,1
CUST05221,1
CUST05223,1
CUST05226,2
CUST05227,2
CUST05230,2
CUST05231,1
CUST05233,1
CUST05235,1
CUST05238,1
CUST05239,2
CUST05241,1
CUST05242,2
CUST05244,1
CUST05245,3
CUST05247,1
CUST05250,1
CUST05253,1
CUST05254,1
CUST05257,1
CUST05259,1
CUST05260,1
CUST05261,3
CUST05264,2
CUST05269,1
CUST05271,2
CUST05273,1
CUST05277,1
CUST05278,1
CUST05279,1
CUST05281,3
CUST05282,1
CUST05283,1
CUST05284,1
CUST05287,2
CUST05289,1
CUST05290,3
CUST05291,1
CUST05292,2
CUST05293,3
CUST05295,1
CUST05296,1
CUST05301,2
CUST05303,1
CUST05304,1
CUST05305,1
CUST05308,1
CUST05309,2
CUST05310,1
CUST05312,2
CUST05315,1
CUST05316,3
CUST05317,1
CUST05318,1
CUST05319,1
CUST05320,1
CUST05321,1
CUST05322,3
CUST05323,3
CUST05324,1
CUST05326,1
CUST05327,1
CUST05330,1
CUST05331,2
CUST05334,3
CUST05335,3
CUST05340,1
CUST05341,1
CUST05344,2
CUST05345,1
CUST05346,2
CUST05348,1
CUST05349,1
CUST05350,1
CUST05351,2
CUST05352,2
CUST05354,2
CUST05355,2
CUST05358,1
CUST05359,1
CUST05361,1
CUST05363,1
CUST05364,1
CUST05365,1
CUST05366,1
CUST05368,1
CUST05369,1
CUST05371,1
CUST05372,2
CUST05376,1
CUST05382,3
CUST05383,1
CUST05384,2
CUST05387,2
CUST05389,1
CUST05390,1
CUST05392,1
CUST05394,1
CUST05395,1
CUST05397,2
CUST05398,1
CUST05399,1
CUST05400,1
CUST05402,1
CUST05404,1
CUST05405,1
CUST05410,2
CUST05411,1
CUST05413,1
CUST05414,1
CUST05415,2
CUST05419,2
CUST05420,1
CUST05424,1
CUST05425,1
CUST05427,1
CUST05428,1
CUST05429,2
CUST05432,1
CUST05433,1
CUST05434,1
CUST05435,1
CUST05437,2
CUST05438,1
CUST05439,3
CUST05441,1
CUST05442,3
CUST05446,2
CUST05449,2
CUST05450,1
CUST05452,1
CUST05456,1
CUST05457,1
CUST05459,1
CUST05460,1
CUST05462,2
CUST05464,3
CUST05466,2
CUST05467,1
CUST05468,1
CUST05474,1
CUST05475,1
CUST05476,2
CUST05478,1
CUST05479,1
CUST05482,2
CUST05484,1
CUST05487,2
CUST05488,1
CUST05489,1
CUST05494,1
CUST05495,1
CUST05499,2
CUST05500,2
CUST05502,1
CUST05503,1
CUST05504,2
CUST05505,1
CUST05506,1
CUST05507,1
CUST05508,1
CUST05509,1
CUST05510,1
CUST05512,1
CUST05517,1
CUST05518,1
CUST05522,1
CUST05523,2
CUST05525,2
CUST05526,1
CUST05528,1
CUST05529,1
CUST05531,1
CUST05533,4
CUST05536,2
CUST05537,1
CUST05541,1
CUST05542,1
CUST05543,1
CUST05545,3
CUST05547,1
CUST05549,1
CUST05550,2
CUST05551,1
CUST05553,1
CUST05556,1
CUST05562,1
CUST05564,2
CUST05565,2
CUST05567,1
CUST05569,1
CUST05570,3
CUST05571,1
CUST05572,1
CUST05573,2
CUST05574,1
CUST05577,1
CUST05580,1
CUST05582,1
CUST05586,2
CUST05590,1
CUST05591,2
CUST05592,1
CUST05598,2
CUST05599,1
CUST05600,1
CUST05602,1
CUST05606,1
CUST05610,1
CUST05612,2
CUST05614,1
CUST05615,1
CUST05617,1
CUST05618,1
CUST05621,1
CUST05622,2
CUST05624,1
CUST05626,1
CUST05629,3
CUST05631,1
CUST05633,1
CUST05634,2
CUST05639,1
CUST05640,1
CUST05641,2
CUST05642,1
CUST05643,1
CUST05645,2
CUST05646,2
CUST05649,3
CUST05651,1
CUST05654,2
CUST05655,1
CUST05656,1
CUST05657,1
CUST05659,2
CUST05661,1
CUST05662,1
CUST05665,1
CUST05667,1
CUST05668,4
CUST05670,2
CUST05671,1
CUST05672,2
CUST05673,1
CUST05676,1
CUST05677,1
CUST05679,1
CUST05681,2
CUST05684,1
CUST05689,2
CUST05690,1
CUST05691,1
CUST05692,2
CUST05693,3
CUST05694,2
CUST05696,1
CUST05697,1
CUST05699,3
CUST05701,1
CUST05703,1
CUST05704,1
CUST05705,1
CUST05706,2
CUST05707,1
CUST05710,1
CUST05711,1
CUST05713,1
CUST05715,1
CUST05716,2
CUST05719,2
CUST05720,1
CUST05722,1
CUST05723,2
CUST05724,1
CUST05726,1
CUST05729,1
CUST05731,1
CUST05732,1
CUST05733,1
CUST05736,1
CUST05737,1
CUST05739,1
CUST05742,1
CUST05744,1
CUST05750,1
CUST05752,1
CUST05753,1
CUST05757,3
CUST05758,2
CUST05759,1
CUST05760,1
CUST05761,1
CUST05764,1
CUST05765,2
CUST05767,2
CUST05768,2
CUST05770,1
CUST05771,2
CUST05772,2
CUST05773,2
CUST05775,1
CUST05777,1
CUST05778,3
CUST05779,1
CUST05780,1
CUST05784,1
CUST05785,3
CUST05789,1
CUST05790,2
CUST05791,1
CUST05792,1
CUST05793,3
CUST05796,1
CUST05797,1
CUST05799,1
CUST05800,1
CUST05803,1
CUST05804,2
CUST05806,1
CUST05808,3
CUST05810,2
CUST05811,1
CUST05813,1
CUST05814,1
CUST05815,1
CUST05817,2
CUST05818,1
CUST05821,1
CUST05822,1
CUST05823,1
CUST05824,2
CUST05825,1
CUST05827,2
CUST05829,2
CUST05831,1
CUST05833,3
CUST05835,1
CUST05836,1
CUST05837,1
CUST05839,1
CUST05840,2
CUST05841,1
CUST05844,1
CUST05846,2
CUST05850,1
CUST05852,1
CUST05856,1
CUST05857,1
CUST05859,2
CUST05860,2
CUST05861,1
CUST05863,1
CUST05864,1
CUST05865,1
CUST05867,1
CUST05868,1
CUST05869,1
CUST05873,1
CUST05874,1
CUST05876,1
CUST05877,1
CUST05878,2
CUST05880,1
CUST05881,1
CUST05882,3
CUST05885,1
CUST05889,1
CUST05890,1
CUST05892,2
CUST05893,1
CUST05895,2
CUST05897,2
CUST05899,1
CUST05901,1
CUST05902,2
CUST05905,1
CUST05907,1
CUST05908,1
CUST05909,2
CUST05910,2
CUST05912,2
CUST05913,4
CUST05914,1
CUST05919,3
CUST05920,2
CUST05921,1
CUST05923,1
CUST05925,1
CUST05927,1
CUST05930,2
CUST05931,1
CUST05932,1
CUST05934,1
CUST05935,2
CUST05936,1
CUST05937,1
CUST05938,1
CUST05940,1
CUST05942,1
CUST05943,1
CUST05945,1
CUST05946,1
CUST05950,1
CUST05953,1
CUST05954,3
CUST05955,1
CUST05957,1
CUST05959,1
CUST05960,1
CUST05962,2
CUST05964,2
CUST05966,1
CUST05970,2
CUST05973,1
CUST05975,1
CUST05976,4
CUST05977,1
CUST05980,1
CUST05983,1
CUST05986,2
CUST05987,2
CUST05988,1
CUST05990,2
CUST05994,2
CUST05995,1
CUST05996,1
CUST05999,1
CUST06000,2
CUST06002,1
CUST06004,2
CUST06006,1
CUST06007,1
CUST06011,1
CUST06013,1
CUST06014,1
CUST06015,1
CUST06016,2
CUST06017,1
CUST06019,1
CUST06021,1
CUST06022,2
CUST06024,1
CUST06025,2
CUST06028,1
CUST06030,1
CUST06031,1
CUST06033,2
CUST06035,3
CUST06037,2
CUST06038,2
CUST06041,1
CUST06042,2
CUST06044,1
CUST06045,2
CUST06047,2
CUST06048,1
CUST06049,1
CUST06050,1
CUST06054,1
CUST06064,1
CUST06065,1
CUST06069,1
CUST06070,2
CUST06072,3
CUST06074,2
CUST06079,1
CUST06080,1
CUST06081,3
CUST06084,1
CUST06085,1
CUST06088,1
CUST06092,3
CUST06093,1
CUST06094,1
CUST06096,1
CUST06098,2
CUST06100,2
CUST06101,1
CUST06103,1
CUST06104,1
CUST06106,1
CUST06107,1
CUST06109,2
CUST06111,2
CUST06112,1
CUST06115,1
CUST06118,1
CUST06120,2
CUST06123,1
CUST06125,1
CUST06127,2
CUST06128,1
CUST06129,1
CUST06130,1
CUST06132,1
CUST06136,2
CUST06138,1
CUST06140,1
CUST06142,1
CUST06143,1
CUST06144,2
CUST06145,2
CUST06146,1
CUST06148,1
CUST06149,1
CUST06150,1
CUST06152,1
CUST06154,2
CUST06155,1
CUST06157,2
CUST06158,1
CUST06159,1
CUST06160,1
CUST06161,1
CUST06162,1
CUST06169,1
CUST06175,1
CUST06178,1
CUST06179,1
CUST06180,1
CUST06182,1
CUST06183,1
CUST06186,1
CUST06187,1
CUST06188,2
CUST06189,1
CUST06190,2
CUST06192,1
CUST06194,1
CUST06196,2
CUST06197,1
CUST06198,2
CUST06199,1
CUST06200,2
CUST06202,1
CUST06205,1
CUST06206,2
CUST06208,1
CUST06209,2
CUST06210,1
CUST06211,1
CUST06214,3
CUST06216,1
CUST06217,2
CUST06219,1
CUST06222,2
CUST06224,2
CUST06226,2
CUST06227,1
CUST06229,1
CUST06231,1
CUST06233,1
CUST06234,1
CUST06235,1
CUST06236,1
CUST06238,2
CUST06240,1
CUST06242,4
CUST06243,1
CUST06245,1
CUST06249,2
CUST06251,1
CUST06253,1
CUST06255,1
CUST06258,2
CUST06259,1
CUST06260,1
CUST06262,1
CUST06268,1
CUST06269,2
CUST06271,3
CUST06272,1
CUST06274,1
CUST06275,1
CUST06277,2
CUST06278,1
CUST06281,2
CUST06282,2
CUST06283,1
CUST06284,1
CUST06287,1
CUST06289,1
CUST06290,3
CUST06291,1
CUST06292,1
CUST06293,1
CUST06295,1
CUST06296,2
CUST06297,1
CUST06300,1
CUST06303,1
CUST06304,3
CUST06307,1
CUST06309,2
CUST06313,2
CUST06317,1
CUST06318,2
CUST06320,1
CUST06324,2
CUST06327,1
CUST06332,1
CUST06333,1
CUST06335,2
CUST06338,1
CUST06339,1
CUST06341,3
CUST06342,1
CUST06344,2
CUST06346,1
CUST06347,1
CUST06350,1
CUST06352,1
CUST06354,1
CUST06355,1
CUST06356,1
CUST06358,3
CUST06359,2
CUST06360,2
CUST06361,1
CUST06362,2
CUST06364,1
CUST06368,2
CUST06370,1
CUST06374,3
CUST06375,2
CUST06376,2
CUST06377,1
CUST06378,1
CUST06379,2
CUST06380,1
CUST06381,2
CUST06382,1
CUST06386,1
CUST06388,2
CUST06390,1
CUST06392,1
CUST06393,1
CUST06394,1
CUST06395,1
CUST06397,1
CUST06398,1
CUST06399,2
CUST06400,2
CUST06401,1
CUST06402,1
CUST06405,1
CUST06408,1
CUST06410,1
CUST06411,1
CUST06412,1
CUST06413,1
CUST06414,1
CUST06415,1
CUST06416,1
CUST06417,1
CUST06419,1
CUST06421,1
CUST06422,2
CUST06423,2
CUST06424,1
CUST06425,1
CUST06427,1
CUST06428,4
CUST06433,1
CUST06434,1
CUST06435,1
CUST06441,1
CUST06442,1
CUST06443,1
CUST06445,1
CUST06446,1
CUST06450,1
CUST06454,1
CUST06456,1
CUST06457,2
CUST06458,2
CUST06459,1
CUST06465,1
CUST06466,2
CUST06467,1
CUST06469,1
CUST06470,4
CUST06471,1
CUST06476,2
CUST06479,2
CUST06482,1
CUST06485,1
CUST06487,1
CUST06488,1
CUST06491,1
CUST06493,2
CUST06497,1
CUST06500,1
CUST06503,2
CUST06505,1
CUST06506,1
CUST06507,1
CUST06508,1
CUST06509,1
CUST06510,1
CUST06511,4
CUST06513,2
CUST06520,1
CUST06521,1
CUST06523,1
CUST06525,1
CUST06527,2
CUST06528,1
CUST06530,3
CUST06533,1
CUST06534,1
CUST06535,1
CUST06538,1
CUST06539,1
CUST06541,3
CUST06542,3
CUST06543,1
CUST06544,1
CUST06545,1
CUST06546,2
CUST06548,1
CUST06554,2
CUST06555,1
CUST06556,1
CUST06557,2
CUST06559,2
CUST06560,1
CUST06561,2
CUST06563,1
CUST06567,1
CUST06568,1
CUST06569,1
CUST06570,1
CUST06571,1
CUST06572,1
CUST06573,2
CUST06574,3
CUST06575,1
CUST06577,1
CUST06578,2
CUST06580,2
CUST06582,3
CUST06584,1
CUST06585,1
CUST06589,1
CUST06590,1
CUST06591,1
CUST06593,1
CUST06594,2
CUST06595,2
CUST06597,3
CUST06598,1
CUST06599,1
CUST06600,3
CUST06601,1
CUST06602,2
CUST06603,1
CUST06605,1
CUST06606,2
CUST06607,3
CUST06610,2
CUST06616,1
CUST06618,4
CUST06619,1
CUST06620,1
CUST06621,1
CUST06622,3
CUST06623,1
CUST06626,1
CUST06628,1
CUST06629,1
CUST06630,1
CUST06632,1
CUST06633,1
CUST06637,1
CUST06640,1
CUST06641,1
CUST06643,1
CUST06646,1
CUST06649,1
CUST06650,2
CUST06651,1
CUST06653,1
CUST06656,1
CUST06658,1
CUST06659,1
CUST06660,2
CUST06662,1
CUST06663,1
CUST06664,1
CUST06665,2
CUST06666,1
CUST06667,2
CUST06669,1
CUST06675,1
CUST06676,1
CUST06679,1
CUST06680,1
CUST06682,1
CUST06688,2
CUST06691,1
CUST06693,1
CUST06694,3
CUST06696,1
CUST06700,2
CUST06702,3
CUST06703,1
CUST06704,1
CUST06706,1
CUST06710,1
CUST06711,1
CUST06712,1
CUST06714,2
CUST06716,3
CUST06720,1
CUST06721,1
CUST06723,1
CUST06724,1
CUST06725,1
CUST06728,1
CUST06730,2
CUST06733,1
CUST06735,1
CUST06738,1
CUST06741,2
CUST06742,3
CUST06743,1
CUST06744,1
CUST06746,1
CUST06747,1
CUST06748,1
CUST06750,2
CUST06755,1
CUST06757,2
CUST06758,2
CUST06759,1
CUST06761,1
CUST06762,1
CUST06763,2
CUST06766,2
CUST06767,2
CUST06768,1
CUST06769,1
CUST06770,1
CUST06771,3
CUST06773,2
CUST06774,1
CUST06778,1
CUST06780,1
CUST06783,1
CUST06784,1
CUST06786,1
CUST06787,1
CUST06789,2
CUST06792,2
CUST06795,2
CUST06797,1
CUST06798,2
CUST06799,1
CUST06801,3
CUST06803,2
CUST06804,3
CUST06805,1
CUST06806,1
CUST06808,1
CUST06809,1
CUST06811,1
CUST06813,1
CUST06814,2
CUST06815,1
CUST06817,2
CUST06820,2
CUST06821,2
CUST06823,1
CUST06824,2
CUST06825,2
CUST06831,1
CUST06833,1
CUST06835,2
CUST06837,1
CUST06839,2
CUST06844,1
CUST06846,1
CUST06847,1
CUST06853,1
CUST06855,1
CUST06856,1
CUST06860,2
CUST06861,1
CUST06863,1
CUST06864,2
CUST06866,1
CUST06867,2
CUST06873,1
CUST06876,1
CUST06877,1
CUST06878,1
CUST06879,1
CUST06880,1
CUST06881,2
CUST06882,1
CUST06884,3
CUST06885,2
CUST06886,1
CUST06887,1
CUST06888,1
CUST06890,4
CUST06892,1
CUST06896,1
CUST06898,1
CUST06899,2
CUST06909,1
CUST06910,2
CUST06912,2
CUST06913,1
CUST06915,1
CUST06917,1
CUST06919,2
CUST06920,1
CUST06921,2
CUST06923,1
CUST06925,1
CUST06926,1
CUST06928,3
CUST06929,1
CUST06930,1
CUST06931,1
CUST06933,2
CUST06934,1
CUST06935,1
CUST06937,1
CUST06939,2
CUST06940,1
CUST06941,1
CUST06942,1
CUST06952,1
CUST06954,1
CUST06955,1
CUST06956,1
CUST06957,1
CUST06959,2
CUST06962,2
CUST06963,1
CUST06966,1
CUST06970,3
CUST06972,2
CUST06974,1
CUST06976,1
CUST06978,1
CUST06981,1
CUST06982,2
CUST06983,2
CUST06985,1
CUST06987,1
CUST06988,1
CUST06990,1
CUST06991,1
CUST06992,2
CUST06994,2
CUST06998,3
CUST06999,1
CUST07000,1
CUST07001,1
CUST07002,1
CUST07003,1
CUST07004,2
CUST07010,1
CUST07011,1
CUST07012,1
CUST07014,1
CUST07015,1
CUST07016,1
CUST07017,1
CUST07018,1
CUST07020,1
CUST07021,1
CUST07028,1
CUST07029,1
CUST07030,1
CUST07031,1
CUST07032,1
CUST07033,2
CUST07035,1
CUST07037,1
CUST07038,1
CUST07039,1
CUST07040,1
CUST07041,2
CUST07044,1
CUST07045,1
CUST07047,2
CUST07051,1
CUST07053,1
CUST07054,3
CUST07056,2
CUST07060,1
CUST07061,1
CUST07063,2
CUST07065,3
CUST07066,2
CUST07067,2
CUST07068,1
CUST07070,1
CUST07072,1
CUST07073,1
CUST07075,2
CUST07076,1
CUST07077,1
CUST07078,1
CUST07079,1
CUST07081,1
CUST07082,2
CUST07085,1
CUST07086,1
CUST07088,1
CUST07089,1
CUST07090,2
CUST07092,2
CUST07094,2
CUST07095,1
CUST07098,1
CUST07099,1
CUST07101,2
CUST07102,1
CUST07104,1
CUST07106,1
CUST07107,3
CUST07108,1
CUST07109,2
CUST07110,1
CUST07111,1
CUST07112,1
CUST07113,1
CUST07115,2
CUST07119,1
CUST07120,1
CUST07121,2
CUST07122,1
CUST07123,1
CUST07124,1
CUST07125,2
CUST07128,2
CUST07130,2
CUST07132,2
CUST07133,1
CUST07134,1
CUST07135,1
CUST07136,2
CUST07140,1
CUST07144,1
CUST07145,1
CUST07149,2
CUST07150,2
CUST07151,1
CUST07153,1
CUST07154,2
CUST07157,1
CUST07158,1
CUST07160,2
CUST07164,1
CUST07167,1
CUST07169,1
CUST07170,2
CUST07175,1
CUST07176,2
CUST07177,1
CUST07178,1
CUST07179,2
CUST07180,2
CUST07183,2
CUST07184,2
CUST07185,1
CUST07186,2
CUST07187,1
CUST07188,1
CUST07193,1
CUST07194,3
CUST07196,1
CUST07198,1
CUST07202,1
CUST07208,2
CUST07209,1
CUST07210,1
CUST07212,2
CUST07213,1
CUST07214,1
CUST07216,1
CUST07217,3
CUST07219,2
CUST07220,2
CUST07221,1
CUST07223,1
CUST07224,1
CUST07225,1
CUST07227,2
CUST07228,2
CUST07230,1
CUST07232,1
CUST07234,1
CUST07235,1
CUST07236,1
CUST07237,2
CUST07238,1
CUST07239,1
CUST07242,1
CUST07245,2
CUST07246,2
CUST07247,2
CUST07248,3
CUST07251,2
CUST07256,1
CUST07257,1
CUST07259,1
CUST07260,1
CUST07261,1
CUST07262,2
CUST07265,1
CUST07266,2
CUST07269,1
CUST07270,1
CUST07271,1
CUST07272,1
CUST07273,1
CUST07274,2
CUST07278,2
CUST07279,2
CUST07280,3
CUST07281,1
CUST07282,2
CUST07286,3
CUST07288,1
CUST07289,1
CUST07292,1
CUST07293,4
CUST07298,2
CUST07299,1
CUST07301,1
CUST07302,1
CUST07303,1
CUST07304,3
CUST07305,1
CUST07307,1
CUST07308,2
CUST07309,2
CUST07311,2
CUST07312,1
CUST07313,2
CUST07314,1
CUST07316,1
CUST07318,1
CUST07319,1
CUST07324,1
CUST07326,1
CUST07327,1
CUST07328,1
CUST07330,2
CUST07331,1
CUST07332,1
CUST07333,2
CUST07334,2
CUST07337,1
CUST07343,2
CUST07346,1
CUST07352,1
CUST07354,1
CUST07355,1
CUST07357,1
CUST07358,1
CUST07360,2
CUST07365,2
CUST07366,1
CUST07369,1
CUST07370,1
CUST07372,2
CUST07373,3
CUST07374,1
CUST07376,1
CUST07377,2
CUST07379,1
CUST07384,1
CUST07387,1
CUST07388,2
CUST07389,1
CUST07390,1
CUST07393,1
CUST07399,3
CUST07400,1
CUST07401,3
CUST07403,1
CUST07404,1
CUST07406,1
CUST07407,2
CUST07408,1
CUST07410,1
CUST07413,1
CUST07414,2
CUST07415,1
CUST07419,1
CUST07420,1
CUST07421,1
CUST07422,1
CUST07423,2
CUST07424,1
CUST07425,1
CUST07426,1
CUST07427,2
CUST07428,1
CUST07431,2
CUST07433,2
CUST07434,2
CUST07435,1
CUST07438,1
CUST07439,1
CUST07440,2
CUST07443,2
CUST07444,1
CUST07445,2
CUST07446,2
CUST07447,1
CUST07449,2
CUST07450,1
CUST07454,1
CUST07458,1
CUST07459,2
CUST07461,1
CUST07462,1
CUST07463,1
CUST07466,2
CUST07468,1
CUST07469,1
CUST07470,1
CUST07471,2
CUST07473,1
CUST07474,1
CUST07477,1
CUST07482,3
CUST07483,1
CUST07485,3
CUST07486,2
CUST07490,1
CUST07491,3
CUST07494,2
CUST07496,1
CUST07499,1
CUST07501,1
CUST07502,1
CUST07503,1
CUST07504,1
CUST07505,2
CUST07509,3
CUST07510,1
CUST07511,1
CUST07512,2
CUST07514,1
CUST07517,1
CUST07518,1
CUST07520,1
CUST07521,2
CUST07525,2
CUST07527,1
CUST07528,1
CUST07529,1
CUST07530,1
CUST07533,2
CUST07534,3
CUST07535,2
CUST07538,1
CUST07539,2
CUST07540,1
CUST07541,1
CUST07543,2
CUST07544,1
CUST07545,1
CUST07546,3
CUST07547,1
CUST07548,1
CUST07549,1
CUST07550,5
CUST07551,1
CUST07554,1
CUST07555,1
CUST07556,1
CUST07557,1
CUST07560,2
CUST07561,1
CUST07564,3
CUST07565,1
CUST07566,1
CUST07568,2
CUST07570,2
CUST07571,2
CUST07572,2
CUST07576,2
CUST07577,1
CUST07578,1
CUST07579,1
CUST07580,1
CUST07581,2
CUST07582,1
CUST07583,1
CUST07584,1
CUST07590,1
CUST07591,1
CUST07592,2
CUST07597,2
CUST07598,1
CUST07599,1
CUST07601,3
CUST07604,1
CUST07605,1
CUST07606,1
CUST07608,5
CUST07609,1
CUST07610,1
CUST07611,2
CUST07612,1
CUST07613,2
CUST07615,1
CUST07616,1
CUST07617,3
CUST07620,1
CUST07622,3
CUST07624,1
CUST07625,4
CUST07628,1
CUST07630,1
CUST07633,1
CUST07636,1
CUST07639,1
CUST07642,1
CUST07644,2
CUST07646,1
CUST07647,2
CUST07649,1
CUST07650,1
CUST07651,1
CUST07652,2
CUST07653,1
CUST07655,1
CUST07656,2
CUST07659,1
CUST07660,1
CUST07663,1
CUST07665,1
CUST07667,2
CUST07668,1
CUST07669,3
CUST07670,1
CUST07671,1
CUST07672,1
CUST07674,1
CUST07675,1
CUST07676,1
CUST07677,1
CUST07678,1
CUST07680,1
CUST07681,1
CUST07682,1
CUST07683,2
CUST07687,1
CUST07688,2
CUST07690,1
CUST07693,1
CUST07697,1
CUST07699,1
CUST07700,2
CUST07701,1
CUST07702,2
CUST07703,2
CUST07706,1
CUST07707,1
CUST07708,1
CUST07709,1
CUST07710,1
CUST07711,1
CUST07713,1
CUST07714,1
CUST07715,1
CUST07722,1
CUST07723,1
CUST07724,1
CUST07727,1
CUST07729,1
CUST07731,1
CUST07733,1
CUST07734,1
CUST07735,1
CUST07736,1
CUST07738,1
CUST07739,1
CUST07740,2
CUST07741,1
CUST07742,1
CUST07743,2
CUST07746,3
CUST07749,1
CUST07752,1
CUST07753,1
CUST07754,1
CUST07756,2
CUST07758,1
CUST07759,2
CUST07762,1
CUST07765,1
CUST07767,2
CUST07768,1
CUST07770,1
CUST07773,1
CUST07774,1
CUST07777,1
CUST07778,1
CUST07781,2
CUST07788,1
CUST07791,2
CUST07794,1
CUST07796,3
CUST07799,1
CUST07800,1
CUST07801,1
CUST07802,2
CUST07803,1
CUST07804,1
CUST07805,2
CUST07806,1
CUST07807,1
CUST07808,1
CUST07809,1
CUST07810,2
CUST07811,1
CUST07812,1
CUST07813,1
CUST07815,1
CUST07818,1
CUST07819,4
CUST07820,3
CUST07821,1
CUST07822,2
CUST07823,1
CUST07827,1
CUST07828,2
CUST07829,1
CUST07830,1
CUST07831,1
CUST07832,1
CUST07836,1
CUST07837,1
CUST07838,1
CUST07841,1
CUST07843,1
CUST07844,1
CUST07846,1
CUST07847,2
CUST07849,1
CUST07851,1
CUST07852,1
CUST07857,1
CUST07858,2
CUST07862,2
CUST07867,2
CUST07868,1
CUST07870,3
CUST07872,3
CUST07876,1
CUST07878,1
CUST07888,3
CUST07890,1
CUST07892,3
CUST07893,1
CUST07897,2
CUST07898,1
CUST07899,1
CUST07900,2
CUST07901,3
CUST07903,2
CUST07907,2
CUST07908,2
CUST07910,1
CUST07911,1
CUST07912,1
CUST07913,1
CUST07914,1
CUST07916,2
CUST07917,1
CUST07919,1
CUST07920,1
CUST07922,1
CUST07923,2
CUST07927,2
CUST07929,1
CUST07932,2
CUST07933,1
CUST07934,1
CUST07936,2
CUST07939,1
CUST07940,2
CUST07941,1
CUST07942,2
CUST07943,1
CUST07945,1
CUST07946,1
CUST07949,2
CUST07950,1
CUST07951,1
CUST07959,1
CUST07961,1
CUST07963,1
CUST07966,2
CUST07967,1
CUST07969,2
CUST07970,1
CUST07972,1
CUST07975,1
CUST07977,1
CUST07979,1
CUST07980,1
CUST07983,1
CUST07986,2
CUST07990,1
CUST07992,1
CUST07993,4
CUST07995,2
CUST07997,1
CUST07999,1
CUST08000,1
CUST08006,5
CUST08007,1
CUST08010,1
CUST08012,1
CUST08014,1
CUST08015,1
CUST08016,2
CUST08018,1
CUST08019,2
CUST08020,1
CUST08022,1
CUST08023,1
CUST08024,2
CUST08025,1
CUST08026,2
CUST08028,1
CUST08032,1
CUST08033,1
CUST08034,1
CUST08035,2
CUST08036,1
CUST08037,1
CUST08038,1
CUST08039,1
CUST08040,2
CUST08044,1
CUST08045,1
CUST08049,1
CUST08052,3
CUST08053,1
CUST08054,1
CUST08055,1
CUST08058,1
CUST08059,3
CUST08060,1
CUST08063,1
CUST08066,2
CUST08068,1
CUST08070,1
CUST08072,1
CUST08073,1
CUST08074,2
CUST08075,1
CUST08076,1
CUST08077,2
CUST08080,1
CUST08084,1
CUST08085,2
CUST08086,1
CUST08087,1
CUST08088,1
CUST08089,1
CUST08092,1
CUST08093,1
CUST08094,2
CUST08095,2
CUST08096,2
CUST08098,1
CUST08100,2
CUST08102,2
CUST08104,2
CUST08106,1
CUST08107,1
CUST08108,1
CUST08111,1
CUST08112,1
CUST08113,1
CUST08114,1
CUST08116,1
CUST08119,1
CUST08120,1
CUST08121,1
CUST08124,1
CUST08127,2
CUST08128,1
CUST08132,1
CUST08133,2
CUST08139,1
CUST08141,2
CUST08145,2
CUST08146,1
CUST08147,1
CUST08150,1
CUST08151,2
CUST08153,1
CUST08154,1
CUST08156,2
CUST08157,2
CUST08158,1
CUST08159,1
CUST08161,1
CUST08163,1
CUST08166,1
CUST08167,2
CUST08168,1
CUST08173,1
CUST08174,1
CUST08175,1
CUST08176,1
CUST08178,1
CUST08179,3
CUST08180,1
CUST08181,1
CUST08182,1
CUST08185,1
CUST08190,1
CUST08191,1
CUST08192,1
CUST08193,1
CUST08195,3
CUST08196,3
CUST08202,2
CUST08203,1
CUST08205,2
CUST08206,5
CUST08207,1
CUST08208,1
CUST08209,1
CUST08211,1
CUST08212,1
CUST08213,1
CUST08215,2
CUST08216,1
CUST08217,1
CUST08220,1
CUST08221,1
CUST08223,3
CUST08224,1
CUST08227,2
CUST08228,2
CUST08229,2
CUST08230,1
CUST08231,1
CUST08233,1
CUST08234,1
CUST08238,2
CUST08239,2
CUST08242,1
CUST08246,1
CUST08248,3
CUST08249,1
CUST08250,1
CUST08252,1
CUST08253,1
CUST08254,1
CUST08255,1
CUST08257,1
CUST08258,1
CUST08260,1
CUST08263,1
CUST08265,1
CUST08267,1
CUST08268,1
CUST08270,2
CUST08272,3
CUST08273,2
CUST08274,2
CUST08275,1
CUST08276,2
CUST08277,2
CUST08281,1
CUST08283,1
CUST08286,2
CUST08287,1
CUST08293,3
CUST08294,2
CUST08295,3
CUST08296,1
CUST08297,1
CUST08299,1
CUST08301,2
CUST08302,1
CUST08304,1
CUST08305,1
CUST08308,1
CUST08309,1
CUST08310,1
CUST08311,1
CUST08312,1
CUST08313,1
CUST08315,1
CUST08316,1
CUST08318,2
CUST08319,1
CUST08321,3
CUST08324,1
CUST08325,1
CUST08327,1
CUST08328,1
CUST08330,1
CUST08331,2
CUST08333,1
CUST08335,2
CUST08337,1
CUST08338,3
CUST08340,1
CUST08342,1
CUST08343,2
CUST08345,2
CUST08347,1
CUST08348,1
CUST08349,1
CUST08353,2
CUST08356,2
CUST08357,1
CUST08362,1
CUST08363,1
CUST08366,1
CUST08369,1
CUST08370,1
CUST08375,1
CUST08377,2
CUST08379,1
CUST08382,2
CUST08384,3
CUST08386,3
CUST08387,2
CUST08391,3
CUST08392,2
CUST08395,1
CUST08397,2
CUST08398,1
CUST08399,3
CUST08402,2
CUST08403,3
CUST08404,2
CUST08405,1
CUST08406,1
CUST08408,1
CUST08410,3
CUST08411,1
CUST08418,2
CUST08419,2
CUST08420,1
CUST08422,1
CUST08423,3
CUST08424,1
CUST08426,3
CUST08427,3
CUST08428,1
CUST08429,1
CUST08431,1
CUST08432,1
CUST08433,2
CUST08434,1
CUST08435,2
CUST08437,2
CUST08438,3
CUST08442,1
CUST08443,1
CUST08444,1
CUST08446,1
CUST08447,1
CUST08449,2
CUST08450,1
CUST08451,2
CUST08455,2
CUST08458,2
CUST08459,1
CUST08460,1
CUST08461,2
CUST08462,1
CUST08463,3
CUST08465,3
CUST08466,1
CUST08467,1
CUST08468,2
CUST08470,1
CUST08471,1
CUST08473,1
CUST08474,2
CUST08476,1
CUST08479,2
CUST08480,1
CUST08481,2
CUST08482,1
CUST08483,2
CUST08484,2
CUST08485,1
CUST08486,1
CUST08491,1
CUST08494,3
CUST08495,3
CUST08497,1
CUST08499,1
CUST08502,1
CUST08503,1
CUST08504,2
CUST08506,1
CUST08508,1
CUST08509,2
CUST08510,1
CUST08512,1
CUST08514,1
CUST08516,1
CUST08518,1
CUST08519,5
CUST08520,1
CUST08521,3
CUST08522,1
CUST08523,2
CUST08525,1
CUST08527,1
CUST08528,2
CUST08529,1
CUST08530,3
CUST08531,2
CUST08532,3
CUST08533,1
CUST08537,1
CUST08539,1
CUST08540,1
CUST08542,2
CUST08543,2
CUST08544,2
CUST08547,2
CUST08550,1
CUST08552,1
CUST08553,2
CUST08554,1
CUST08557,2
CUST08562,1
CUST08563,1
CUST08564,1
CUST08567,2
CUST08569,3
CUST08570,2
CUST08572,2
CUST08574,1
CUST08575,1
CUST08585,1
CUST08587,2
CUST08588,2
CUST08590,1
CUST08591,1
CUST08593,1
CUST08599,2
CUST08603,1
CUST08604,1
CUST08605,1
CUST08606,2
CUST08607,1
CUST08608,1
CUST08609,1
CUST08613,3
CUST08614,2
CUST08615,1
CUST08616,2
CUST08617,1
CUST08618,2
CUST08621,3
CUST08624,1
CUST08626,2
CUST08627,2
CUST08629,1
CUST08630,1
CUST08631,1
CUST08632,1
CUST08635,3
CUST08636,1
CUST08639,1
CUST08640,1
CUST08641,2
CUST08644,1
CUST08646,2
CUST08648,1
CUST08649,2
CUST08651,1
CUST08654,1
CUST08655,1
CUST08656,2
CUST08657,1
CUST08664,1
CUST08665,2
CUST08667,2
CUST08669,2
CUST08670,1
CUST08671,1
CUST08672,1
CUST08673,1
CUST08674,1
CUST08675,1
CUST08676,2
CUST08677,1
CUST08678,2
CUST08679,1
CUST08682,1
CUST08684,2
CUST08686,1
CUST08688,2
CUST08690,1
CUST08692,1
CUST08693,2
CUST08694,3
CUST08695,2
CUST08696,1
CUST08697,1
CUST08698,2
CUST08700,1
CUST08705,1
CUST08707,1
CUST08710,1
CUST08714,2
CUST08715,1
CUST08717,2
CUST08720,2
CUST08722,2
CUST08724,1
CUST08725,1
CUST08728,2
CUST08732,3
CUST08733,2
CUST08735,2
CUST08736,1
CUST08738,2
CUST08739,1
CUST08741,1
CUST08743,1
CUST08744,2
CUST08745,2
CUST08747,1
CUST08749,2
CUST08750,1
CUST08751,3
CUST08752,2
CUST08753,1
CUST08754,2
CUST08756,3
CUST08759,3
CUST08761,2
CUST08763,1
CUST08764,2
CUST08767,1
CUST08769,2
CUST08770,1
CUST08771,1
CUST08772,2
CUST08773,2
CUST08774,1
CUST08775,2
CUST08778,1
CUST08781,3
CUST08782,1
CUST08784,3
CUST08785,1
CUST08786,1
CUST08788,2
CUST08789,1
CUST08790,1
CUST08792,1
CUST08794,4
CUST08795,1
CUST08798,1
CUST08800,1
CUST08801,2
CUST08804,1
CUST08807,1
CUST08808,1
CUST08810,1
CUST08812,1
CUST08813,1
CUST08814,1
CUST08816,3
CUST08818,2
CUST08819,1
CUST08820,1
CUST08822,2
CUST08824,2
CUST08825,3
CUST08826,1
CUST08828,2
CUST08829,1
CUST08832,1
CUST08833,1
CUST08835,1
CUST08837,1
CUST08839,2
CUST08842,2
CUST08845,1
CUST08848,4
CUST08849,2
CUST08853,1
CUST08854,2
CUST08855,1
CUST08856,1
CUST08857,1
CUST08863,1
CUST08869,1
CUST08870,2
CUST08871,1
CUST08874,2
CUST08875,2
CUST08876,1
CUST08877,1
CUST08879,1
CUST08880,2
CUST08882,2
CUST08884,2
CUST08889,1
CUST08890,2
CUST08893,1
CUST08894,2
CUST08896,1
CUST08897,2
CUST08898,1
CUST08899,1
CUST08900,4
CUST08902,2
CUST08905,1
CUST08907,1
CUST08908,1
CUST08910,1
CUST08913,2
CUST08914,1
CUST08915,1
CUST08916,3
CUST08917,1
CUST08918,3
CUST08919,1
CUST08921,1
CUST08922,1
CUST08923,1
CUST08929,2
CUST08930,2
CUST08934,1
CUST08935,2
CUST08936,1
CUST08937,1
CUST08939,2
CUST08940,2
CUST08941,2
CUST08942,1
CUST08943,2
CUST08944,1
CUST08946,1
CUST08950,1
CUST08952,2
CUST08953,2
CUST08955,2
CUST08960,2
CUST08961,1
CUST08962,1
CUST08963,1
CUST08966,2
CUST08967,1
CUST08968,1
CUST08970,1
CUST08971,3
CUST08972,1
CUST08974,1
CUST08975,1
CUST08976,1
CUST08977,2
CUST08978,1
CUST08979,3
CUST08980,2
CUST08981,2
CUST08983,1
CUST08986,2
CUST08988,1
CUST08989,1
CUST08991,1
CUST08994,1
CUST08995,1
CUST08997,2
CUST08999,1
CUST09000,1
CUST09002,3
CUST09004,1
CUST09007,1
CUST09008,2
CUST09009,2
CUST09011,1
CUST09013,1
CUST09014,1
CUST09015,1
CUST09017,2
CUST09018,3
CUST09019,1
CUST09021,2
CUST09022,2
CUST09026,1
CUST09028,2
CUST09032,1
CUST09033,1
CUST09038,1
CUST09039,1
CUST09041,1
CUST09042,1
CUST09044,2
CUST09047,1
CUST09048,2
CUST09049,1
CUST09050,1
CUST09051,1
CUST09055,2
CUST09056,2
CUST09058,2
CUST09059,2
CUST09060,1
CUST09061,1
CUST09062,1
CUST09063,1
CUST09064,1
CUST09065,2
CUST09066,2
CUST09069,1
CUST09070,1
CUST09074,1
CUST09075,1
CUST09078,1
CUST09079,1
CUST09080,1
CUST09081,1
CUST09083,2
CUST09085,3
CUST09086,1
CUST09087,1
CUST09088,2
CUST09089,1
CUST09090,2
CUST09092,3
CUST09097,1
CUST09098,1
CUST09103,2
CUST09108,1
CUST09109,1
CUST09112,1
CUST09113,1
CUST09114,3
CUST09115,1
CUST09116,1
CUST09118,1
CUST09120,1
CUST09122,1
CUST09124,1
CUST09125,3
CUST09132,2
CUST09134,3
CUST09137,1
CUST09138,1
CUST09139,1
CUST09140,1
CUST09142,3
CUST09143,4
CUST09145,1
CUST09147,1
CUST09148,1
CUST09149,1
CUST09150,2
CUST09154,3
CUST09155,1
CUST09157,4
CUST09158,1
CUST09159,1
CUST09160,1
CUST09161,5
CUST09165,1
CUST09170,2
CUST09172,2
CUST09173,2
CUST09175,1
CUST09176,1
CUST09177,1
CUST09180,2
CUST09183,1
CUST09185,1
CUST09186,2
CUST09188,2
CUST09189,3
CUST09191,2
CUST09192,3
CUST09194,1
CUST09195,1
CUST09199,1
CUST09200,1
CUST09207,2
CUST09208,1
CUST09209,1
CUST09210,1
CUST09212,1
CUST09213,2
CUST09215,1
CUST09216,1
CUST09217,1
CUST09218,2
CUST09223,1
CUST09224,2
CUST09227,1
CUST09228,1
CUST09230,1
CUST09232,1
CUST09236,1
CUST09239,1
CUST09240,1
CUST09241,1
CUST09242,1
CUST09243,2
CUST09244,2
CUST09245,1
CUST09247,1
CUST09249,2
CUST09250,1
CUST09251,1
CUST09252,4
CUST09253,2
CUST09255,1
CUST09257,2
CUST09258,1
CUST09259,1
CUST09263,3
CUST09264,3
CUST09265,1
CUST09267,1
CUST09268,1
CUST09269,1
CUST09270,1
CUST09271,1
CUST09272,2
CUST09278,2
CUST09279,1
CUST09280,1
CUST09281,1
CUST09282,3
CUST09283,1
CUST09285,2
CUST09286,3
CUST09287,2
CUST09288,3
CUST09289,1
CUST09290,1
CUST09291,1
CUST09292,2
CUST09294,3
CUST09295,1
CUST09296,1
CUST09297,2
CUST09298,2
CUST09299,3
CUST09308,2
CUST09309,2
CUST09311,3
CUST09312,2
CUST09317,1
CUST09319,6
CUST09320,1
CUST09321,1
CUST09323,1
CUST09324,2
CUST09325,1
CUST09327,1
CUST09330,2
CUST09331,2
CUST09332,2
CUST09334,1
CUST09338,2
CUST09339,3
CUST09340,2
CUST09344,1
CUST09345,1
CUST09346,2
CUST09348,2
CUST09350,1
CUST09351,1
CUST09352,2
CUST09355,2
CUST09356,2
CUST09358,2
CUST09360,2
CUST09363,1
CUST09369,1
CUST09370,1
CUST09373,1
CUST09376,1
CUST09377,2
CUST09378,1
CUST09379,1
CUST09381,2
CUST09385,1
CUST09386,1
CUST09387,1
CUST09388,2
CUST09390,1
CUST09391,1
CUST09392,1
CUST09394,2
CUST09395,2
CUST09397,1
CUST09399,1
CUST09400,1
CUST09403,1
CUST09405,1
CUST09406,1
CUST09408,1
CUST09409,1
CUST09412,1
CUST09413,1
CUST09414,2
CUST09415,1
CUST09416,2
CUST09419,1
CUST09420,1
CUST09422,1
CUST09424,1
CUST09425,1
CUST09428,1
CUST09429,1
CUST09435,3
CUST09437,3
CUST09439,2
CUST09441,2
CUST09443,2
CUST09445,1
CUST09447,1
CUST09448,1
CUST09449,3
CUST09450,3
CUST09452,2
CUST09457,1
CUST09458,1
CUST09459,1
CUST09460,1
CUST09461,1
CUST09463,1
CUST09464,1
CUST09467,1
CUST09471,2
CUST09472,1
CUST09473,1
CUST09474,1
CUST09477,1
CUST09478,1
CUST09480,1
CUST09481,1
CUST09483,2
CUST09484,1
CUST09486,2
CUST09487,2
CUST09489,1
CUST09490,1
CUST09494,2
CUST09497,1
CUST09500,1
CUST09501,1
CUST09502,1
CUST09505,2
CUST09511,1
CUST09512,3
CUST09514,1
CUST09515,1
CUST09517,2
CUST09520,1
CUST09521,4
CUST09522,1
CUST09523,1
CUST09529,1
CUST09533,1
CUST09535,2
CUST09537,2
CUST09539,2
CUST09541,2
CUST09546,2
CUST09549,2
CUST09551,1
CUST09552,1
CUST09553,1
CUST09555,2
CUST09558,3
CUST09562,1
CUST09563,1
CUST09565,1
CUST09566,1
CUST09571,1
CUST09572,2
CUST09573,1
CUST09574,1
CUST09578,1
CUST09580,2
CUST09581,2
CUST09582,2
CUST09583,2
CUST09586,2
CUST09587,1
CUST09588,3
CUST09590,1
CUST09592,2
CUST09593,4
CUST09595,2
CUST09597,1
CUST09598,2
CUST09602,2
CUST09603,1
CUST09604,1
CUST09605,1
CUST09606,1
CUST09610,2
CUST09612,2
CUST09613,1
CUST09614,2
CUST09615,1
CUST09617,2
CUST09618,1
CUST09621,1
CUST09625,3
CUST09628,1
CUST09630,1
CUST09631,1
CUST09632,1
CUST09633,2
CUST09639,1
CUST09640,1
CUST09641,1
CUST09642,1
CUST09643,2
CUST09644,1
CUST09645,1
CUST09646,1
CUST09647,1
CUST09648,2
CUST09650,1
CUST09653,2
CUST09656,1
CUST09659,1
CUST09661,2
CUST09662,2
CUST09667,2
CUST09670,1
CUST09671,2
CUST09672,1
CUST09673,2
CUST09674,1
CUST09675,3
CUST09677,1
CUST09679,1
CUST09681,1
CUST09682,1
CUST09683,1
CUST09684,1
CUST09687,1
CUST09691,3
CUST09692,1
CUST09693,2
CUST09696,1
CUST09697,2
CUST09698,1
CUST09699,1
CUST09700,1
CUST09701,1
CUST09702,1
CUST09703,1
CUST09704,4
CUST09707,2
CUST09708,3
CUST09709,1
CUST09710,2
CUST09711,2
CUST09712,1
CUST09715,1
CUST09716,1
CUST09717,2
CUST09720,1
CUST09721,1
CUST09727,2
CUST09728,1
CUST09730,2
CUST09732,1
CUST09733,2
CUST09736,1
CUST09738,1
CUST09739,1
CUST09740,1
CUST09743,2
CUST09744,1
CUST09745,1
CUST09746,1
CUST09748,1
CUST09750,1
CUST09753,1
CUST09755,1
CUST09759,2
CUST09764,2
CUST09767,2
CUST09769,1
CUST09770,1
CUST09774,1
CUST09775,2
CUST09777,2
CUST09778,2
CUST09781,1
CUST09784,1
CUST09786,1
CUST09787,1
CUST09791,1
CUST09792,2
CUST09794,1
CUST09796,1
CUST09801,1
CUST09802,1
CUST09805,2
CUST09809,3
CUST09810,1
CUST09812,2
CUST09813,1
CUST09814,2
CUST09817,1
CUST09819,1
CUST09820,1
CUST09821,1
CUST09822,1
CUST09823,2
CUST09824,1
CUST09825,2
CUST09827,4
CUST09828,1
CUST09829,1
CUST09835,1
CUST09836,3
CUST09838,3
CUST09843,1
CUST09844,1
CUST09845,2
CUST09846,1
CUST09848,1
CUST09849,1
CUST09852,1
CUST09853,1
CUST09856,2
CUST09857,1
CUST09858,1
CUST09859,1
CUST09860,1
CUST09862,1
CUST09863,1
CUST09865,1
CUST09866,1
CUST09868,1
CUST09870,1
CUST09871,4
CUST09874,1
CUST09877,1
CUST09883,2
CUST09885,1
CUST09888,3
CUST09889,2
CUST09890,3
CUST09892,1
CUST09893,1
CUST09894,2
CUST09895,2
CUST09897,2
CUST09898,1
CUST09901,2
CUST09902,1
CUST09903,1
CUST09904,1
CUST09905,2
CUST09906,2
CUST09907,1
CUST09908,2
CUST09909,1
CUST09911,1
CUST09913,1
CUST09914,1
CUST09916,2
CUST09917,1
CUST09921,1
CUST09922,1
CUST09924,1
CUST09926,3
CUST09930,2
CUST09934,1
CUST09935,2
CUST09936,1
CUST09938,2
CUST09939,2
CUST09940,1
CUST09941,1
CUST09942,1
CUST09945,1
CUST09946,2
CUST09947,1
CUST09949,2
CUST09950,1
CUST09951,1
CUST09953,2
CUST09956,1
CUST09957,2
CUST09958,1
CUST09965,2
CUST09967,4
CUST09969,2
CUST09971,2
CUST09972,1
CUST09973,1
CUST09974,1
CUST09975,1
CUST09977,1
CUST09978,3
CUST09979,1
CUST09980,2
CUST09981,1
CUST09982,1
CUST09983,2
CUST09985,1
CUST09988,2
CUST09993,2
CUST09994,2
CUST09995,1
CUST09996,1
CUST09997,1
CUST09998,5
CUST10000,1
